ID,ID_IAU,PARENT,PARENT_IAU,EPOCH,A_SEMI_MAJOR_AXIS_KM,EC_ECCENTRICITY,W_ARG_PERIAPSIS_DEG,MA_MEAN_ANOMALY_DEG,IN_INCLINATION_DEG,OM_LONGITUDE_ASCENDING_NODE_DEG,PR_SIDEREAL_ORBIT_PERIOD_SEC,AXIAL_TILT_DEG,MEAN_RADIUS_KM,GM_KM3/S2,PERIOD_SEC,RETROGRADE_ROT,MODEL_TYPE,GROUP,BODY_TYPE
Mercury,1,Sol,10,2451545,57909068.3,0.2056,29.12,174.80,7.01,48.33,7600530,0.027,2439.4,22031.868,5067014,FALSE,TerrestrialBody,Planet,PlanetaryBody
Venus,2,Sol,10,2451545,108208168.2,0.0068,55.19,50.11,3.39,76.68,19413936,177.4,6051.84,324858.592,20996755,TRUE,AtmosphericBody,Planet,AtmosphericBody
Earth,3,Sol,10,2451545,149597336.2,0.0167,322.63,357.55,0.00,140.29,31557979,23.44,6371,398600.435,86162,FALSE,TerrestrialBody,Planet,PlanetaryBody
Mars,4,Sol,10,2451545,227939132.9,0.0933,286.54,19.36,1.85,49.56,59354318,25.19,3389.9,42828.38,88639,FALSE,AtmosphericBody,Planet,AtmosphericBody
Jupiter,5,Sol,10,2451545,778547206.5,0.0488,275.07,18.82,1.30,100.49,374493467,3.1,69911,126686531.9,35730,FALSE,AtmosphericBody,Planet,AtmosphericBody
Saturn,6,Sol,10,2451545,1433449366.3,0.0557,336.01,320.35,2.49,113.64,935913079,26.73,58232,37931206.234,38358,FALSE,AtmosphericBody,Planet,AtmosphericBody
Uranus,7,Sol,10,2451545,2876679778.9,0.0444,96.54,142.96,0.77,73.99,2661042747,97.77,25362,5793950.6103,62064,FALSE,AtmosphericBody,Planet,AtmosphericBody
Neptune,8,Sol,10,2451545,4503440391.9,0.0112,265.65,267.77,1.77,131.79,5212301074,28.32,24624,6835099.97,57996,FALSE,AtmosphericBody,Planet,AtmosphericBody
Pluto,134340,Sol,10,2451545,5919776464.7,0.2494,115.18,14.14,17.24,110.04,7855647934,122,1188.3,869.326,551844,TRUE,TerrestrialBody,Planet,PlanetaryBody
Luna,301,Earth,399,2451545,381875.8,0.0631,61.54,146.67,20.94,282.24,2334208,6.33,1737.53,4902.8,0,FALSE,TerrestrialBody,Planet,PlanetaryBody
Phobos,401,Mars,499,2451545,9378.6,0.0147,343.86,189.82,0.65,41.83,27575,0,11.08,0.0007087,27561.6,FALSE,TerrestrialBody,Planet,MinorBody
Deimos,402,Mars,499,2451545,23458.2,0.0003,224.97,5.09,2.23,28.81,109083,0.9,6.2,0.0000962,109123.2,FALSE,TerrestrialBody,Planet,MinorBody
Io,501,Jupiter,599,2451545,422036.4,0.0047,161.62,335.15,0.04,243.16,153049,0,1821.49,5959.9155,0,FALSE,TerrestrialBody,Galilean,PlanetaryBody
Europa,502,Jupiter,599,2451545,671248.5,0.0098,48.95,345.41,0.46,180.10,306997,0,1560.8,3202.7121,0,FALSE,TerrestrialBody,Galilean,PlanetaryBody
Ganymede,503,Jupiter,599,2451545,1070497.5,0.0015,231.83,277.05,0.21,72.91,618267,0.1,2631.2,9887.8328,0,FALSE,TerrestrialBody,Galilean,PlanetaryBody
Callisto,504,Jupiter,599,2451545,1882773.0,0.0074,197.51,85.12,0.20,158.33,1442113,0.4,2410.3,7179.2834,0,FALSE,TerrestrialBody,Galilean,PlanetaryBody
Amalthea,505,Jupiter,599,2451545,181996.7,0.0061,154.61,336.27,0.38,282.69,43342,0,83.5,0.16456,0,FALSE,TerrestrialBody,Inner Jupiter,MinorBody
Thebe,514,Jupiter,599,2451545,222383.8,0.0152,26.15,182.49,1.07,340.44,58542,0,49.3,0.03015,0,FALSE,TerrestrialBody,Inner Jupiter,MinorBody
Adrastea,515,Jupiter,599,2451545,129874.6,0.0075,30.28,1.11,0.01,183.05,26128,0,8.2,0.00014,0,FALSE,TerrestrialBody,Inner Jupiter,MinorBody
Metis,516,Jupiter,599,2451545,128878.0,0.0061,272.45,358.02,0.01,255.53,25828,0,21.5,0.0025,0,FALSE,TerrestrialBody,Inner Jupiter,MinorBody
Himalia,506,Jupiter,599,2451545,11372115.0,0.1662,316.74,78.24,30.18,69.77,21408020,0,85,0.151552,34560,FALSE,TerrestrialBody,Himalia,MinorBody
Elara,507,Jupiter,599,2451545,11741169.8,0.2219,126.83,346.91,30.52,117.25,22458549,0,40,0.01802061,43200,FALSE,TerrestrialBody,Himalia,MinorBody
Pasiphae,508,Jupiter,599,2451545,23425224.7,0.3795,174.07,279.22,138.03,318.46,63290757,0,18,0.0066743,86400,TRUE,TerrestrialBody,Pasiphae,MinorBody
Sinope,509,Jupiter,599,2451545,22968766.2,0.3164,356.49,157.45,150.20,311.73,61449895,0,14,0.001468346,47376,TRUE,TerrestrialBody,Pasiphae,MinorBody
Lysithea,510,Jupiter,599,2451545,11739918.5,0.1368,45.61,328.47,25.99,13.36,22454959,0,21,0.002602977,46008,FALSE,TerrestrialBody,Himalia,MinorBody
Carme,511,Jupiter,599,2451545,24202879.6,0.2425,0.18,259.48,166.28,111.16,66468397,0,23.4,0.003604122,37440,TRUE,TerrestrialBody,Carme,MinorBody
Ananke,512,Jupiter,599,2451545,21683816.5,0.3804,76.14,271.82,149.83,13.21,56366132,0,14.5,0.000867659,29916,TRUE,TerrestrialBody,Ananke,MinorBody
Leda,513,Jupiter,599,2451545,11140307.1,0.1726,275.23,232.61,28.78,215.16,20756800,0,10.7,0.0003470636,86400,FALSE,TerrestrialBody,Himalia,MinorBody
Callirrhoe,517,Jupiter,599,2451545,23032587.4,0.1977,16.37,117.90,138.01,282.10,61706191,0,4.8,0.00003070178,35640,FALSE,TerrestrialBody,Pasiphae,MinorBody
Themisto,518,Jupiter,599,2451545,7396777.0,0.1967,238.40,289.16,47.58,202.99,11229966,0,4.5,0.00002536234,86400,FALSE,TerrestrialBody,Themisto,MinorBody
Magaclite,519,Jupiter,599,2451545,24608500.1,0.4465,313.16,116.09,150.37,296.74,68146313,0,3,0.000004338295,35640,FALSE,TerrestrialBody,Pasiphae,MinorBody
Taygete,520,Jupiter,599,2451545,22217126.0,0.2922,211.67,116.47,160.22,306.29,58458338,0,2.5,0.000004338295,86400,FALSE,TerrestrialBody,Carme,MinorBody
Chaldene,521,Jupiter,599,2451545,23426734.0,0.2024,227.34,275.50,167.73,132.20,63296874,0,2,0.000002269262,86400,FALSE,TerrestrialBody,Carme,MinorBody
Harpalyke,522,Jupiter,599,2451545,21571830.1,0.2545,100.66,255.48,148.73,34.22,55930040,0,2,0.000002269262,86400,FALSE,TerrestrialBody,Ananke,MinorBody
Kalyke,523,Jupiter,599,2451545,22250664.9,0.3039,232.92,224.98,165.21,32.17,58590760,0,3.5,0.00001134631,86400,FALSE,TerrestrialBody,Carme,MinorBody
Iocaste,524,Jupiter,599,2451545,21118019.0,0.2424,95.31,182.03,148.13,274.01,54174437,0,2,0.000002269262,86400,FALSE,TerrestrialBody,Ananke,MinorBody
Erinome,525,Jupiter,599,2451545,23508755.0,0.3237,2.63,273.20,159.22,315.58,63629585,0,1.5,0.000000934402,86400,FALSE,TerrestrialBody,Carme,MinorBody
Isonoe,526,Jupiter,599,2451545,23872480.1,0.1519,126.70,116.35,168.04,131.64,65111988,0,2,0.000002269262,86400,FALSE,TerrestrialBody,Carme,MinorBody
Praxidike,527,Jupiter,599,2451545,20448947.9,0.1814,185.55,127.94,141.88,285.45,51620368,0,3.5,0.00001201374,86400,FALSE,TerrestrialBody,Ananke,MinorBody
Autonoe,528,Jupiter,599,2451545,24864711.4,0.2155,65.42,134.04,149.55,270.17,69213335,0,2,0.000002269262,86400,FALSE,TerrestrialBody,Pasiphae,MinorBody
Thyone,529,Jupiter,599,2451545,20601575.8,0.4302,109.48,242.58,150.10,246.37,52199375,0,2,0.000002269262,86400,FALSE,TerrestrialBody,Ananke,MinorBody
Hermippe,530,Jupiter,599,2451545,21296572.0,0.1831,277.81,158.47,147.72,332.56,54862955,0,2,0.000002269262,86400,FALSE,TerrestrialBody,Ananke,MinorBody
Aitne,531,Jupiter,599,2451545,22197905.5,0.3779,69.40,120.56,163.71,357.50,58382494,0,1.5,0.000000934402,86400,FALSE,TerrestrialBody,Carme,MinorBody
Eurydome,532,Jupiter,599,2451545,22877264.7,0.2205,225.83,281.81,144.36,301.47,61083061,0,1.5,0.000000934402,86400,FALSE,TerrestrialBody,Pasiphae,MinorBody
Euanthe,533,Jupiter,599,2451545,20535024.0,0.2340,316.06,353.59,145.25,270.00,51946640,0,1.5,0.000000934402,86400,FALSE,TerrestrialBody,Ananke,MinorBody
Euporie,534,Jupiter,599,2451545,19545127.0,0.1208,105.58,56.26,146.85,61.78,48236123,0,1,0.0000002803206,86400,FALSE,TerrestrialBody,Ananke,MinorBody
Orthosie,535,Jupiter,599,2451545,20689175.2,0.3005,247.92,161.14,145.54,216.73,52532662,0,1,0.0000002803206,86400,FALSE,TerrestrialBody,Ananke,MinorBody
Sponde,536,Jupiter,599,2451545,24528915.3,0.2486,52.91,177.41,153.40,107.75,67815998,0,1,0.0000002803206,86400,FALSE,TerrestrialBody,Pasiphae,MinorBody
Kale,537,Jupiter,599,2451545,23061645.3,0.2311,60.06,175.97,166.12,49.60,61823000,0,1,0.0000002803206,86400,FALSE,TerrestrialBody,Carme,MinorBody
Pasithee,538,Jupiter,599,2451545,23237348.0,0.3183,210.25,237.72,161.07,321.97,62530872,0,1,0.0000002803206,86400,FALSE,TerrestrialBody,Carme,MinorBody
Hegemone,539,Jupiter,599,2451545,23245320.7,0.3782,193.88,241.15,144.42,314.62,62563056,0,1.5,0.0000000934402,86400,FALSE,TerrestrialBody,Pasiphae,MinorBody
Mneme,540,Jupiter,599,2451545,20476558.1,0.3091,48.57,236.08,145.87,1.40,51724950,0,1,0.0000002803206,86400,FALSE,TerrestrialBody,Ananke,MinorBody
Aoede,541,Jupiter,599,2451545,22992334.2,0.5974,42.92,207.65,158.69,158.12,61544499,0,2,0.000002269262,86400,FALSE,TerrestrialBody,Pasiphae,MinorBody
Thelxinoe,542,Jupiter,599,2451545,20675083.8,0.1705,308.36,275.15,153.10,177.96,52479001,0,1,0.000002803206,86400,FALSE,TerrestrialBody,Ananke,MinorBody
Arche,543,Jupiter,599,2451545,22467798.9,0.2056,173.10,33.91,160.45,335.60,59450490,0,1.5,0.000000934402,86400,FALSE,TerrestrialBody,Carme,MinorBody
Kallichore,544,Jupiter,599,2451545,22134595.8,0.1622,346.87,66.71,164.12,20.03,58132907,0,1,0.0000002803206,86400,FALSE,TerrestrialBody,Carme,MinorBody
Helike,545,Jupiter,599,2451545,20820746.5,0.1527,300.31,45.70,156.19,91.86,53034575,0,2,0.000002269262,86400,FALSE,TerrestrialBody,Ananke,MinorBody
Carpo,546,Jupiter,599,2451545,16925449.3,0.2032,87.97,336.64,58.13,55.20,38870932,0,1.5,0.000000934402,86400,FALSE,TerrestrialBody,Carpo,MinorBody
Eukelade,547,Jupiter,599,2451545,24227058.6,0.2215,296.90,234.22,167.33,208.87,66568026,0,2,0.000002269262,86400,FALSE,TerrestrialBody,Carme,MinorBody
Cyllene,548,Jupiter,599,2451545,23348689.7,0.2803,178.11,153.23,141.16,258.15,62980835,0,1,0.0000002803206,86400,FALSE,TerrestrialBody,Pasiphae,MinorBody
Kore,549,Jupiter,599,2451545,23658716.3,0.2478,136.07,40.61,135.12,326.47,64239390,0,1,0.0000002803206,86400,FALSE,TerrestrialBody,Pasiphae,MinorBody
Herse,550,Jupiter,599,2451545,23244172.4,0.3149,348.06,123.12,159.80,304.99,62558421,0,1,0.0000002803206,86400,FALSE,TerrestrialBody,Carme,MinorBody
S2010_J_1,551,Jupiter,599,2451545,22433219.7,0.3211,180.65,183.40,159.43,291.25,59313296,0,1,0.0000002803206,86400,FALSE,TerrestrialBody,Carme,MinorBody
S2010_J_2,552,Jupiter,599,2451545,21129672.6,0.2058,27.49,292.54,144.75,357.99,54219286,0,0.5,0.00000003470636,86400,FALSE,TerrestrialBody,Ananke,MinorBody
Dia,553,Jupiter,599,2451545,12315848.5,0.1829,167.60,320.93,26.01,292.55,24127435,0,2,0.000002269262,86400,FALSE,TerrestrialBody,Himalia,MinorBody
S2016_J_1,554,Jupiter,599,2451545,20346348.6,0.3875,302.32,215.34,144.96,252.67,51232360,0,0.5,0.00000003470636,86400,FALSE,TerrestrialBody,Ananke,MinorBody
S2003_J_18,555,Jupiter,599,2451545,20788555.8,0.0639,86.70,252.68,148.03,169.07,52911628,0,1,0.0000002803206,86400,FALSE,TerrestrialBody,Ananke,MinorBody
S2011_J_2,556,Jupiter,599,2451545,23915758.8,0.5104,259.00,297.57,155.60,23.03,65289132,0,0.5,0.00000003470636,86400,FALSE,TerrestrialBody,Pasiphae,MinorBody
Eirene,557,Jupiter,599,2451545,22395271.6,0.2389,90.41,336.74,168.03,185.74,59162858,0,2,0.000002269262,86400,FALSE,TerrestrialBody,Carme,MinorBody
Philophrosyne,558,Jupiter,599,2451545,21808121.3,0.0915,4.87,88.80,145.96,239.28,56851513,0,1,0.0000002803206,86400,FALSE,TerrestrialBody,Carme,MinorBody
S2017_J_1,559,Jupiter,599,2451545,22645916.8,0.2934,78.53,250.07,145.18,256.79,60158847,0,1,0.0000002803206,86400,FALSE,TerrestrialBody,Pasiphae,MinorBody
Eupheme,560,Jupiter,599,2451545,20943652.2,0.2902,77.75,339.85,150.31,232.88,53504865,0,1,0.0000002803206,86400,FALSE,TerrestrialBody,Ananke,MinorBody
S2003_J_19,561,Jupiter,599,2451545,23687125.5,0.1590,181.38,196.90,163.45,18.44,64355132,0,1,0.0000002803206,86400,FALSE,TerrestrialBody,Carme,MinorBody
Valetudo,562,Jupiter,599,2451545,18738034.6,0.1482,319.54,90.44,30.58,290.28,45279404,0,0.5,0.00000003470636,86400,FALSE,TerrestrialBody,Valetudo,MinorBody
S2017_J_2,563,Jupiter,599,2451545,22061960.5,0.1960,150.29,278.16,162.36,358.63,57846995,0,1,0.0000002803206,86400,FALSE,TerrestrialBody,Carme,MinorBody
S2017_J_3,564,Jupiter,599,2451545,21530706.7,0.2126,102.46,235.41,148.11,26.94,55770183,0,1,0.0000002803206,86400,FALSE,TerrestrialBody,Ananke,MinorBody
Pandia,565,Jupiter,599,2451545,11547980.0,0.1456,193.37,158.49,28.20,247.42,21906535,0,1.5,0.000000934402,86400,FALSE,TerrestrialBody,Himalia,MinorBody
S2017_J_5,566,Jupiter,599,2451545,23724366.2,0.3391,284.31,69.21,165.87,36.12,64506960,0,1,0.0000002803206,86400,FALSE,TerrestrialBody,Carme,MinorBody
S2017_J_6,567,Jupiter,599,2451545,22523876.2,0.3469,16.98,146.04,140.43,315.67,59673202,0,1,0.0000002803206,86400,FALSE,TerrestrialBody,Pasiphae,MinorBody
S2017_J_7,568,Jupiter,599,2451545,20915465.7,0.3366,292.65,352.94,147.55,270.04,53396889,0,1,0.0000002803206,86400,FALSE,TerrestrialBody,Ananke,MinorBody
S2017_J_8,569,Jupiter,599,2451545,22381666.9,0.2605,322.46,349.40,166.10,91.25,59108956,0,0.5,0.00000003470636,86400,FALSE,TerrestrialBody,Carme,MinorBody
S2017_J_9,570,Jupiter,599,2451545,21198115.5,0.2942,281.86,243.26,156.11,252.09,54482939,0,1.5,0.000000934402,86400,FALSE,TerrestrialBody,Ananke,MinorBody
Ersa,571,Jupiter,599,2451545,11342310.2,0.1373,297.69,270.84,31.59,118.03,21323914,0,1.5,0.000000934402,86400,FALSE,TerrestrialBody,Himalia,MinorBody
S2011_J_1,572,Jupiter,599,2451545,23028486.9,0.1786,58.27,225.44,163.80,262.93,61689713,0,1,0.0000002803206,86400,FALSE,TerrestrialBody,Carme,MinorBody
S2003_J_2,55501,Jupiter,599,2451545,20506574.8,0.1133,169.98,42.18,146.04,349.55,51838728,0,1,0.0000002803206,86400,FALSE,TerrestrialBody,Ananke,MinorBody
S2003_J_4,55502,Jupiter,599,2451545,22050391.9,0.2882,210.01,216.46,147.35,178.24,57801501,0,1,0.0000002803206,86400,FALSE,TerrestrialBody,Pasiphae,MinorBody
S2003_J_9,55503,Jupiter,599,2451545,22655684.9,0.2858,279.82,359.71,166.10,39.69,60197775,0,0.5,0.00000003470636,86400,FALSE,TerrestrialBody,Carme,MinorBody
S2003_J_10,55504,Jupiter,599,2451545,23284925.9,0.2999,187.19,272.86,165.86,157.16,62723016,0,1,0.0000002803206,86400,FALSE,TerrestrialBody,Carme,MinorBody
S2003_J_12,55505,Jupiter,599,2451545,21267268.6,0.1827,61.58,160.66,151.52,51.90,54749760,0,0.5,0.00000003470636,86400,FALSE,TerrestrialBody,Ananke,MinorBody
S2003_J_16,55506,Jupiter,599,2451545,21463898.1,0.3352,53.63,298.31,147.55,5.43,55510807,0,1,0.0000002803206,86400,FALSE,TerrestrialBody,Ananke,MinorBody
S2003_J_23,55507,Jupiter,599,2451545,23275913.7,0.5563,253.16,140.59,148.91,29.75,62686605,0,1,0.0000002803206,86400,FALSE,TerrestrialBody,Pasiphae,MinorBody
S2003_J_24,55508,Jupiter,599,2451545,22599460.6,0.3848,91.96,121.63,167.27,218.07,59973826,0,1,0.0000002803206,86400,FALSE,TerrestrialBody,Carme,MinorBody
S2011_J_3,55509,Jupiter,599,2451545,11722490.0,0.1780,132.24,359.37,30.50,127.19,22404974,0,1.5,0.000000934402,86400,FALSE,TerrestrialBody,Himalia,MinorBody
S2018_J_2,55510,Jupiter,599,2451545,11369370.1,0.1870,284.65,115.43,30.29,97.02,21400270,0,1.5,0.000000934402,86400,FALSE,TerrestrialBody,Himalia,MinorBody
S2018_J_3,55511,Jupiter,599,2451545,23803991.3,0.3225,174.07,278.98,165.84,134.21,64831985,0,0.5,0.00000003470636,86400,FALSE,TerrestrialBody,Carme,MinorBody
S2021_J_1,55512,Jupiter,599,2451545,21010816.4,0.1120,25.01,129.02,149.48,246.61,53762448,0,0.5,0.00000003470636,86400,FALSE,TerrestrialBody,Ananke,MinorBody
S2021_J_2,55513,Jupiter,599,2451545,20457967.7,0.1586,29.44,110.76,143.64,274.05,51654526,0,0.5,0.00000003470636,86400,FALSE,TerrestrialBody,Ananke,MinorBody
S2021_J_3,55514,Jupiter,599,2451545,20290063.8,0.2681,217.40,167.85,148.23,142.53,51019919,0,1,0.0000002803206,86400,FALSE,TerrestrialBody,Ananke,MinorBody
S2021_J_4,55515,Jupiter,599,2451545,22210147.0,0.2662,135.94,218.92,166.82,127.21,58430795,0,0.5,0.00000003470636,86400,FALSE,TerrestrialBody,Carme,MinorBody
S2021_J_5,55516,Jupiter,599,2451545,24403866.0,0.1751,272.66,236.58,168.57,155.52,67298067,0,1,0.0000002803206,86400,FALSE,TerrestrialBody,Carme,MinorBody
S2021_J_6,55517,Jupiter,599,2451545,22270753.1,0.3690,137.86,208.48,165.34,81.00,58670123,0,0.5,0.00000003470636,86400,FALSE,TerrestrialBody,Carme,MinorBody
S2016_J_3,55518,Jupiter,599,2451545,23668094.9,0.3157,87.00,59.01,165.74,31.05,64277592,0,1,0.0000002803206,86400,FALSE,TerrestrialBody,Carme,MinorBody
S2016_J_4,55519,Jupiter,599,2451545,22144067.9,0.4804,252.64,217.56,151.29,207.82,58170226,0,0.5,0.00000003470636,86400,FALSE,TerrestrialBody,Pasiphae,MinorBody
S2018_J_4,55520,Jupiter,599,2451545,16037400.5,0.1173,282.41,138.15,52.94,55.50,35852183,0,1,0.0000002803206,86400,FALSE,TerrestrialBody,Carpo,MinorBody
S2022_J_1,55521,Jupiter,599,2451545,23086327.9,0.2633,235.58,42.02,161.05,315.65,61922279,0,0.5,0.00000003470636,86400,FALSE,TerrestrialBody,Carme,MinorBody
S2022_J_2,55522,Jupiter,599,2451545,22179364.6,0.1788,348.97,98.85,165.01,41.68,58309363,0,0.5,0.00000003470636,86400,FALSE,TerrestrialBody,Carme,MinorBody
S2022_J_3,55523,Jupiter,599,2451545,20734334.6,0.1008,355.47,271.89,147.73,238.24,52704755,0,0.5,0.00000003470636,86400,FALSE,TerrestrialBody,Ananke,MinorBody
S2017_J_10,55525,Jupiter,599,2451545,20883969.6,0.1129,195.82,157.66,138.55,331.73,53276321,0,0.5,0.00000003470636,86400,FALSE,TerrestrialBody,Ananke,MinorBody
S2017_J_11,55526,Jupiter,599,2451545,23424264.7,0.3009,21.67,236.90,167.02,132.97,63286867,0,0.5,0.00000003470636,86400,FALSE,TerrestrialBody,Carme,MinorBody
Mimas,601,Saturn,699,2451545,186036.8,0.0218,337.94,37.40,1.57,173.00,81862,0,198.8,2.50349,0,FALSE,TerrestrialBody,Major Saturn,PlanetaryBody
Enceladus,602,Saturn,699,2451545,238419.9,0.0064,226.35,6.95,0.01,309.08,118767,0,252.3,7.210367,0,FALSE,TerrestrialBody,Major Saturn,PlanetaryBody
Tethys,603,Saturn,699,2451545,294980.3,0.0010,296.90,350.38,1.09,259.77,163445,0,531.1,41.21353,0,FALSE,TerrestrialBody,Major Saturn,PlanetaryBody
Dione,604,Saturn,699,2451545,377652.2,0.0029,276.71,332.06,0.03,288.14,236766,0,561.4,73.11607,0,FALSE,TerrestrialBody,Major Saturn,PlanetaryBody
Rhea,605,Saturn,699,2451545,527225.3,0.0008,219.10,206.90,0.32,346.17,390549,0,763.5,153.941175,0,FALSE,TerrestrialBody,Major Saturn,PlanetaryBody
Titan,606,Saturn,699,2451545,1221934.9,0.0286,322.28,163.44,0.36,241.84,1377851,0.6,2574.76,8978.1371,0,FALSE,AtmosphericBody,Major Saturn,PlanetaryBody
Hyperion,607,Saturn,699,2451545,1485060.8,0.1267,334.23,70.60,1.02,253.34,1846281,0.1,135,0.37049,1123200,FALSE,TerrestrialBody,Irregular Saturn,PlanetaryBody
Iapetus,608,Saturn,699,2451545,3562568.1,0.0279,348.36,208.02,15.47,253.52,6860024,14.8,734.3,120.51511,0,FALSE,TerrestrialBody,Major Saturn,PlanetaryBody
Phoebe,609,Saturn,699,2451545,12943748.1,0.1654,272.65,58.65,151.64,54.24,47508533,26.7,106.5,0.55479,33480,TRUE,TerrestrialBody,Norse,PlanetaryBody
Janus,610,Saturn,699,2451545,152034.0,0.0062,49.83,79.74,0.17,154.33,60477,0,89.2,0.12662,0,FALSE,TerrestrialBody,Irregular Saturn,PlanetaryBody
Epimetheus,611,Saturn,699,2451545,152072.9,0.0060,78.03,198.16,0.35,192.83,60501,0,58.2,0.03514,0,FALSE,TerrestrialBody,Irregular Saturn,PlanetaryBody
Helene,612,Saturn,699,2451545,377855.6,0.0080,46.12,19.79,0.21,163.58,236957,0,18,0.00048,0,FALSE,TerrestrialBody,Irregular,PlanetaryBody
Telesto,613,Saturn,699,2451545,294982.2,0.0011,26.52,350.35,1.18,229.24,163446,0,12.6,0.00048,0,FALSE,TerrestrialBody,Irregular,MinorBody
Calypso,614,Saturn,699,2451545,294940.7,0.0006,157.72,16.45,1.50,314.10,163412,0,10.3,0.0003597,0,FALSE,TerrestrialBody,Irregular,MinorBody
Atlas,615,Saturn,699,2451545,138324.4,0.0052,151.18,347.63,0.00,234.20,52484,0,15.1,0.00037,0,FALSE,TerrestrialBody,Irregular,MinorBody
Prometheus,616,Saturn,699,2451545,140026.8,0.0048,121.26,26.82,0.01,307.58,53456,0,43.1,0.01071,0,FALSE,TerrestrialBody,Irregular,PlanetaryBody
Pandora,617,Saturn,699,2451545,142348.3,0.0041,129.88,58.81,0.05,148.70,54791,0,40.6,0.00926,0,FALSE,TerrestrialBody,Irregular,PlanetaryBody
Pan,618,Saturn,699,2451545,134263.6,0.0051,259.23,359.93,0.00,247.42,50190,0,14,0.0002869949,0,FALSE,TerrestrialBody,Irregular,MinorBody
Ymir,619,Saturn,699,2451545,22398169.8,0.3944,16.44,216.61,145.96,47.23,108143480,0,8.5,0.0003737608,42919,FALSE,TerrestrialBody,Norse,MinorBody
Paaliaq,620,Saturn,699,2451545,14919860.2,0.4648,239.21,304.66,75.33,222.75,58793413,0,12.5,0.000934402,67644,FALSE,TerrestrialBody,Inuit,MinorBody
Tarvos,621,Saturn,699,2451545,18574908.0,0.6449,332.63,255.75,36.34,284.65,81671691,0,7.2,0.0001401603,38376,FALSE,TerrestrialBody,Gallic,MinorBody
Ijiraq,622,Saturn,699,2451545,11327139.7,0.3683,88.42,28.41,23.89,6.55,38892148,0,6.5,0.0001201374,46908,FALSE,TerrestrialBody,Inuit,MinorBody
Suttungr,623,Saturn,699,2451545,19596321.0,0.1206,350.41,317.77,150.92,50.88,88500018,0,3.5,0.00001802061,27612,FALSE,TerrestrialBody,Norse,MinorBody
Kiviuq,624,Saturn,699,2451545,11303847.7,0.1582,93.31,168.53,76.79,222.36,38772248,0,8.5,0.0002402748,78552,FALSE,TerrestrialBody,Inuit,MinorBody
Mundilfari,625,Saturn,699,2451545,18723771.2,0.2470,17.00,97.25,150.28,18.38,82655457,0,3.5,0.00001802061,24264,FALSE,TerrestrialBody,Norse,MinorBody
Albiorix,626,Saturn,699,2451545,16398410.3,0.4917,112.80,17.21,31.52,299.34,67746079,0,14.3,0.000800916,47988,FALSE,TerrestrialBody,Gallic,MinorBody
Skathi,627,Saturn,699,2451545,15500127.2,0.2240,148.01,117.18,148.34,107.18,62256462,0,4,0.00002536234,39960,FALSE,TerrestrialBody,Norse,MinorBody
Erriapus,628,Saturn,699,2451545,17210740.8,0.6177,332.78,306.64,13.51,327.05,72841836,0,5,0.00006340585,101340,FALSE,TerrestrialBody,Gallic,MinorBody
Siarnaq,629,Saturn,699,2451545,17560119.4,0.3909,99.70,190.71,60.64,275.84,75071093,0,19.7,0.002135776,36673,FALSE,TerrestrialBody,Inuit,MinorBody
Thrymr,630,Saturn,699,2451545,20320676.3,0.5054,23.14,350.88,150.50,49.99,93452038,0,4,0.00002536234,139644,FALSE,TerrestrialBody,Norse,MinorBody
Narvi,631,Saturn,699,2451545,19510875.8,0.2691,173.41,109.14,110.99,46.66,87921824,0,3.5,0.00001802061,36756,FALSE,TerrestrialBody,Norsee,MinorBody
Methone,632,Saturn,699,2451545,194695.8,0.0032,217.51,15.90,0.02,316.96,87643,0,1.5,0.00000026163256,0,FALSE,TerrestrialBody,Irregular Saturn,MinorBody
Pallene,633,Saturn,699,2451545,212707.9,0.0060,195.97,1.09,0.18,304.05,100082,0,2.2,0.00001535089,0,FALSE,TerrestrialBody,Irregular Saturn,MinorBody
Polydeuces,634,Saturn,699,2451545,377405.1,0.0191,313.27,71.45,0.17,68.05,236534,0,1.3,0.0000005005725,0,FALSE,TerrestrialBody,Irregular Saturn,MinorBody
Daphnis,635,Saturn,699,2451545,137169.4,0.0048,32.23,0.12,0.00,121.23,51828,0,3.8,0.000004538524,0,FALSE,TerrestrialBody,Irregular Saturn,MinorBody
Aegir,636,Saturn,699,2451545,20825603.5,0.2868,235.76,27.18,140.02,44.03,96956724,0,3,0.00004338295,38160,FALSE,TerrestrialBody,Norse,MinorBody
Bebhionn,637,Saturn,699,2451545,17194280.0,0.3777,328.86,164.02,22.14,99.28,72737360,0,3,0.00001201374,58788,FALSE,TerrestrialBody,Gallic,MinorBody
Bergelmir,638,Saturn,699,2451545,19011410.9,0.1195,110.44,310.99,133.98,57.73,84567417,0,2.5,0.00000734173,29268,FALSE,TerrestrialBody,Norse,MinorBody
Bestla,639,Saturn,699,2451545,20167838.3,0.6180,33.29,239.23,146.90,108.89,92399702,0,3.5,0.00001802061,52632,FALSE,TerrestrialBody,Norse,MinorBody
Farbauti,640,Saturn,699,2451545,20448944.0,0.2444,2.26,285.16,130.46,24.10,94338262,0,3.5,0.000004338295,38160,FALSE,TerrestrialBody,Norse,MinorBody
Fenrir,641,Saturn,699,2451545,21893195.0,0.1912,69.67,147.61,142.98,63.57,104506971,0,2,0.000002269262,38160,FALSE,TerrestrialBody,Norse,MinorBody
Fornjot,642,Saturn,699,2451545,24999331.8,0.2673,244.84,232.09,151.61,65.53,127518778,0,3,0.00000734173,29520,FALSE,TerrestrialBody,Norse,MinorBody
Hati,643,Saturn,699,2451545,19394622.1,0.4293,263.81,183.31,164.42,82.84,87137185,0,2.5,0.00000734173,19620,FALSE,TerrestrialBody,Norse,MinorBody
Hyrrokkin,644,Saturn,699,2451545,18557966.5,0.4620,338.53,295.11,157.75,339.57,81559982,0,4,0.00002536234,45936,FALSE,TerrestrialBody,Norse,MinorBody
Kari,645,Saturn,699,2451545,22433301.7,0.4693,106.10,299.54,149.41,111.91,108398017,0,3,0.00001802061,27720,FALSE,TerrestrialBody,Norse,MinorBody
Loge,646,Saturn,699,2451545,22775125.0,0.1943,232.74,338.22,165.51,56.81,110884973,0,2.5,0.00000734173,24840,FALSE,TerrestrialBody,Norse,MinorBody
Skoll,647,Saturn,699,2451545,17674106.1,0.4564,118.60,49.13,155.22,102.26,75803233,0,2.5,0.00000734173,26136,FALSE,TerrestrialBody,Norse,MinorBody
Surtur,648,Saturn,699,2451545,22170890.2,0.5459,249.31,160.63,148.82,63.76,106501626,0,3,0.000004338295,38160,FALSE,TerrestrialBody,Norse,MinorBody
Anthe,649,Saturn,699,2451545,198105.6,0.0011,349.46,355.31,0.02,291.32,89955,0,0.9,0.0000001001145,0,FALSE,TerrestrialBody,Irregular Saturn,MinorBody
Jarnsaxa,650,Saturn,699,2451545,19009313.5,0.2825,6.12,194.04,166.56,15.32,84553422,0,3,0.000004338295,38160,FALSE,TerrestrialBody,Norse,MinorBody
Greip,651,Saturn,699,2451545,18348508.2,0.3021,344.28,307.64,159.18,45.01,80183070,0,2.5,0.00000734173,45900,FALSE,TerrestrialBody,Norse,MinorBody
Tarqeq,652,Saturn,699,2451545,17644458.5,0.1039,108.55,119.97,49.51,299.56,75612577,0,3.5,0.00001201374,274068,FALSE,TerrestrialBody,Inuit,MinorBody
Aegaeon,653,Saturn,699,2451545,168028.3,0.0033,247.35,1.91,0.00,215.56,70268,0,0.38,0.0000000052193026,0,FALSE,TerrestrialBody,Irregular Saturn,MinorBody
Gridr,654,Saturn,699,2451545,19276361.2,0.1598,136.22,138.02,167.52,66.96,86341408,0,2,0.000004338295,38160,FALSE,TerrestrialBody,Norse,MinorBody
Angrboda,655,Saturn,699,2451545,20966523.0,0.1900,358.93,101.42,152.70,44.99,97942495,0,2,0.000002269262,38160,FALSE,TerrestrialBody,Norse,MinorBody
Skrymir,656,Saturn,699,2451545,21417682.7,0.4776,60.60,64.18,150.00,40.53,101120745,0,2,0.000004338295,38160,FALSE,TerrestrialBody,Norse,MinorBody
Gerd,657,Saturn,699,2451545,20601576.8,0.6198,227.02,210.31,151.47,52.08,95396454,0,2,0.000002269262,0,FALSE,TerrestrialBody,Norse,MinorBody
Eggther,659,Saturn,699,2451545,20145576.4,0.1727,193.45,280.82,148.43,15.15,92246753,0,3,0.00000734173,38160,FALSE,TerrestrialBody,Norse,MinorBody
Beli,661,Saturn,699,2451545,20773671.6,0.0956,209.78,348.91,144.51,80.74,96594286,0,2,0.000002269262,19800,FALSE,TerrestrialBody,Norse,MinorBody
Gunnlod,662,Saturn,699,2451545,21197242.2,0.2261,310.00,178.32,156.09,93.99,99563598,0,2,0.000004338295,38160,FALSE,TerrestrialBody,Norse,MinorBody
Thiazzi,663,Saturn,699,2451545,23127215.9,0.6451,9.36,120.78,149.31,5.34,113466217,0,2,0.000002269262,38160,FALSE,TerrestrialBody,Norse,MinorBody
Alvaldi,665,Saturn,699,2451545,22102210.1,0.2582,39.88,321.79,155.37,44.41,106007135,0,3,0.000004338295,38160,FALSE,TerrestrialBody,Norse,MinorBody
Geirrod,666,Saturn,699,2451545,22261314.7,0.5737,12.49,98.02,126.56,15.93,107153844,0,2,0.000002269262,38160,FALSE,TerrestrialBody,Norse,MinorBody
S2004_S_07,65085,Saturn,699,2451545,20902044.6,0.5183,284.63,117.09,164.51,65.71,97491038,0,2.5,0.000004338295,38160,FALSE,TerrestrialBody,Norse,MinorBody
S2004_S_12,65086,Saturn,699,2451545,19764804.6,0.3076,346.05,10.92,160.68,77.43,89643815,0,2,0.000002269262,38160,FALSE,TerrestrialBody,Norse,MinorBody
S2004_S_13,65087,Saturn,699,2451545,18235225.8,0.2209,319.01,52.20,143.39,54.33,79441650,0,2,0.000002269262,38160,FALSE,TerrestrialBody,Norse,MinorBody
S2004_S_17,65088,Saturn,699,2451545,19470674.1,0.1500,326.17,228.06,162.59,23.96,87650223,0,2,0.000002269262,38160,FALSE,TerrestrialBody,Norse,MinorBody
S2004_S_21,65079,Saturn,699,2451545,22961385.7,0.3813,206.22,198.75,130.57,7.72,112248018,0,2,0.000002269262,38160,FALSE,TerrestrialBody,Norse,MinorBody
S2004_S_24,65070,Saturn,699,2451545,23064014.1,0.0779,341.52,121.34,63.60,222.92,113001415,0,2,0.000002269262,38160,FALSE,TerrestrialBody,Gallic,MinorBody
S2004_S_28,65077,Saturn,699,2451545,21884635.6,0.1916,222.99,95.91,143.71,28.83,104445689,0,2.5,0.000004338295,38160,FALSE,TerrestrialBody,Norse,MinorBody
S2004_S_26,658,Saturn,699,2451545,27114037.7,0.0880,357.70,131.69,160.39,49.72,144036591,0,2.5,0.000004338295,38160,FALSE,TerrestrialBody,Norse,MinorBody
S2004_S_29,660,Saturn,699,2451545,16841983.9,0.4790,335.76,199.87,12.40,3.97,70513360,0,2.5,0.000004338295,38160,FALSE,TerrestrialBody,Gallic,MinorBody
S2004_S_31,65067,Saturn,699,2451545,17683302.4,0.1748,289.68,261.67,53.49,290.10,75862404,0,2.5,0.000004338295,38160,FALSE,TerrestrialBody,Inuit,MinorBody
S2004_S_34,664,Saturn,699,2451545,24395129.7,0.3017,262.47,25.04,156.76,74.14,122923874,0,2,0.000002269262,38160,FALSE,TerrestrialBody,Norse,MinorBody
S2004_S_36,65081,Saturn,699,2451545,24210326.9,0.5432,189.62,131.67,127.30,64.59,121529727,0,2,0.000002269262,38160,FALSE,TerrestrialBody,Norse,MinorBody
S2004_S_37,65082,Saturn,699,2451545,16139408.1,0.4290,95.43,187.46,137.30,26.36,66147426,0,2,0.000002269262,38160,FALSE,TerrestrialBody,Norse,MinorBody
S2004_S_39,65084,Saturn,699,2451545,23664864.0,0.1194,223.73,83.78,139.46,39.79,117445819,0,2,0.000002269262,38160,FALSE,TerrestrialBody,Norse,MinorBody
S2004_S_40,65098,Saturn,699,2451545,16126951.0,0.2778,241.64,291.72,157.30,20.98,66070857,0,2,0.000002269262,38160,FALSE,TerrestrialBody,Norse,MinorBody
S2004_S_41,65104,Saturn,699,2451545,18127770.8,0.3132,335.14,343.52,157.02,14.23,78740496,0,2,0.000002269262,38160,FALSE,TerrestrialBody,Norse,MinorBody
S2004_S_42,65108,Saturn,699,2451545,18114215.7,0.1417,258.95,325.81,165.44,25.84,78652194,0,2,0.000002269262,38160,FALSE,TerrestrialBody,Norse,MinorBody
S2004_S_43,65111,Saturn,699,2451545,19007938.3,0.4809,215.95,14.39,144.73,45.06,84544248,0,2,0.000002269262,38160,FALSE,TerrestrialBody,Norse,MinorBody
S2004_S_44,65112,Saturn,699,2451545,19321195.9,0.1055,285.35,293.75,157.51,17.75,86642814,0,2.5,0.000004338295,38160,FALSE,TerrestrialBody,Norse,MinorBody
S2004_S_45,65113,Saturn,699,2451545,19775888.3,0.5707,295.87,75.67,156.61,127.60,89719231,0,2,0.000002269262,38160,FALSE,TerrestrialBody,Norse,MinorBody
S2004_S_46,65121,Saturn,699,2451545,20119832.7,0.2879,193.63,209.11,153.12,47.84,92069988,0,1.5,0.000000934402,38160,FALSE,TerrestrialBody,Norse,MinorBody
S2004_S_47,65123,Saturn,699,2451545,16005792.3,0.2981,213.85,24.95,157.18,87.61,65327691,0,2,0.000002269262,38160,FALSE,TerrestrialBody,Norse,MinorBody
S2004_S_48,65139,Saturn,699,2451545,22435006.0,0.3581,269.13,195.23,138.01,49.31,108410370,0,2,0.000002269262,38160,FALSE,TerrestrialBody,Norse,MinorBody
S2004_S_49,65141,Saturn,699,2451545,22095131.7,0.3624,167.22,19.01,135.93,63.93,105956215,0,2,0.000002269262,38160,FALSE,TerrestrialBody,Norse,MinorBody
S2004_S_50,65142,Saturn,699,2451545,22905794.2,0.4469,193.54,71.41,135.78,42.56,111840622,0,1.5,0.000000934402,38160,FALSE,TerrestrialBody,Norse,MinorBody
S2004_S_51,65150,Saturn,699,2451545,24577301.3,0.1482,330.60,85.81,156.54,64.33,124303350,0,2,0.000002269262,38160,FALSE,TerrestrialBody,Norse,MinorBody
S2004_S_52,65152,Saturn,699,2451545,25842769.3,0.2568,266.98,333.32,140.81,51.67,134026327,0,1.5,0.000000934402,38160,FALSE,TerrestrialBody,Norse,MinorBody
S2004_S_53,65154,Saturn,699,2451545,23681279.7,0.2851,252.83,37.19,139.51,57.59,117568044,0,2,0.000002269262,38160,FALSE,TerrestrialBody,Norse,MinorBody
S2004_S_54,65158,Saturn,699,2451545,11235593.8,0.4583,144.14,69.47,53.37,287.36,38421613,0,2,0.000002269262,38160,FALSE,TerrestrialBody,Inuit,MinorBody
S2004_S_55,65159,Saturn,699,2451545,11283511.0,0.1649,52.99,59.96,28.40,88.11,38667663,0,1.5,0.000000934402,38160,FALSE,TerrestrialBody,Inuit,MinorBody
S2004_S_56,65160,Saturn,699,2451545,13718691.0,0.3268,292.43,165.95,169.20,50.19,51838277,0,2.5,0.000004338295,38160,FALSE,TerrestrialBody,Norse,MinorBody
S2004_S_57,65161,Saturn,699,2451545,17897457.4,0.3113,173.12,202.63,157.25,19.75,77244674,0,2,0.000002269262,38160,FALSE,TerrestrialBody,Norse,MinorBody
S2004_S_58,65162,Saturn,699,2451545,18487355.6,0.2389,90.52,179.85,59.50,173.83,81094936,0,2.5,0.000004338295,38160,FALSE,TerrestrialBody,Inuit,MinorBody
S2004_S_59,65163,Saturn,699,2451545,19219607.7,0.2310,255.69,282.92,143.96,27.72,85960378,0,1.5,0.000000934402,38160,FALSE,TerrestrialBody,Norse,MinorBody
S2004_S_60,65164,Saturn,699,2451545,19571952.1,0.2469,121.71,357.39,158.74,50.26,88334989,0,1.5,0.000000934402,38160,FALSE,TerrestrialBody,Norse,MinorBody
S2004_S_61,65165,Saturn,699,2451545,20586686.5,0.5602,35.27,175.64,141.34,42.05,95293048,0,2,0.000002269262,38160,FALSE,TerrestrialBody,Norse,MinorBody
S2005_S_04,65129,Saturn,699,2451545,11319787.3,0.1993,106.88,247.50,23.16,39.70,38854287,0,2.5,0.000004338295,38160,FALSE,TerrestrialBody,Inuit,MinorBody
S2005_S_05,65135,Saturn,699,2451545,21279123.8,0.6278,359.12,9.92,150.92,28.30,100141053,0,1.5,0.000000934402,38160,FALSE,TerrestrialBody,Norse,MinorBody
S2005_S_06,65166,Saturn,699,2451545,18271151.1,0.0528,80.65,164.26,20.24,33.57,79676529,0,2,0.000002269262,38160,FALSE,TerrestrialBody,Inuit,MinorBody
S2005_S_07,65167,Saturn,699,2451545,18987747.6,0.6678,90.63,180.89,43.56,174.77,84409576,0,1.5,0.000000934402,38160,FALSE,TerrestrialBody,Gallic,MinorBody
S2006_S_01,65089,Saturn,699,2451545,18802231.6,0.0766,60.92,87.02,172.49,107.54,83175542,0,2.5,0.000004338295,38160,FALSE,TerrestrialBody,Norse,MinorBody
S2006_S_03,65090,Saturn,699,2451545,21897377.1,0.3103,166.24,124.93,131.08,62.77,104536917,0,2.5,0.000004338295,38160,FALSE,TerrestrialBody,Norse,MinorBody
S2006_S_09,65100,Saturn,699,2451545,14346610.2,0.2216,106.14,64.79,155.80,29.13,55437736,0,1.5,0.000000934402,38160,FALSE,TerrestrialBody,Norse,MinorBody
S2006_S_10,65109,Saturn,699,2451545,18923793.7,0.1589,255.51,173.77,170.94,37.21,83983476,0,1.5,0.000000934402,38160,FALSE,TerrestrialBody,Norse,MinorBody
S2006_S_11,65114,Saturn,699,2451545,19569446.1,0.1305,87.89,352.87,150.53,54.37,88318023,0,1.5,0.000000934402,38160,FALSE,TerrestrialBody,Norse,MinorBody
S2006_S_12,65115,Saturn,699,2451545,19602676.4,0.7185,127.39,249.77,8.85,338.21,88543074,0,2,0.000002269262,38160,FALSE,TerrestrialBody,Gallic,MinorBody
S2006_S_13,65117,Saturn,699,2451545,19787170.3,0.3945,349.55,248.54,157.31,6.83,89796018,0,2,0.000002269262,38160,FALSE,TerrestrialBody,Norse,MinorBody
S2006_S_14,65125,Saturn,699,2451545,21427075.2,0.0605,60.27,265.16,151.97,73.30,101187270,0,1.5,0.000000934402,38160,FALSE,TerrestrialBody,Norse,MinorBody
S2006_S_15,65136,Saturn,699,2451545,22063619.5,0.1323,350.06,313.49,167.19,6.13,105729622,0,2,0.000002269262,38160,FALSE,TerrestrialBody,Norse,MinorBody
S2006_S_16,65137,Saturn,699,2451545,21442187.2,0.1869,285.44,62.88,138.15,38.47,101294337,0,1.5,0.000000934402,38160,FALSE,TerrestrialBody,Norse,MinorBody
S2006_S_17,65138,Saturn,699,2451545,22101048.0,0.5070,71.76,206.57,152.23,70.29,105998774,0,2,0.000002269262,38160,FALSE,TerrestrialBody,Norse,MinorBody
S2006_S_18,65143,Saturn,699,2451545,22424901.2,0.1166,168.73,14.18,155.51,22.06,108337135,0,2,0.000002269262,38160,FALSE,TerrestrialBody,Norse,MinorBody
S2006_S_19,65149,Saturn,699,2451545,24446215.4,0.3945,280.52,196.13,153.75,54.48,123310197,0,2,0.000002269262,38160,FALSE,TerrestrialBody,Norse,MinorBody
S2006_S_20,65157,Saturn,699,2451545,13197059.0,0.2193,176.06,152.92,153.18,28.75,48909957,0,2.5,0.000000934402,38160,FALSE,TerrestrialBody,Norse,MinorBody
S2006_S_21,65168,Saturn,699,2451545,14900420.2,0.1961,10.80,40.98,162.12,53.40,58678542,0,1.5,0.000000934402,38160,FALSE,TerrestrialBody,Norse,MinorBody
S2006_S_22,65169,Saturn,699,2451545,15064560.6,0.2702,22.08,254.29,147.05,53.97,59650796,0,1.5,0.000000934402,38160,FALSE,TerrestrialBody,Norse,MinorBody
S2006_S_23,65170,Saturn,699,2451545,18361379.7,0.1471,33.95,309.96,49.06,154.71,80267458,0,1.5,0.000000934402,38160,FALSE,TerrestrialBody,Inuit,MinorBody
S2006_S_24,65171,Saturn,699,2451545,18066158.3,0.3482,14.92,10.37,139.66,52.49,78339403,0,1.5,0.000000934402,38160,FALSE,TerrestrialBody,Norse,MinorBody
S2006_S_25,65172,Saturn,699,2451545,18507347.9,0.3370,65.89,348.46,150.19,89.16,81226516,0,1.5,0.000000934402,38160,FALSE,TerrestrialBody,Norse,MinorBody
S2006_S_26,65173,Saturn,699,2451545,18384867.2,0.2963,20.43,201.07,145.79,35.68,80421522,0,1.5,0.000000934402,38160,FALSE,TerrestrialBody,Norse,MinorBody
S2006_S_27,65174,Saturn,699,2451545,19258780.3,0.1397,250.77,6.24,161.00,32.91,86223314,0,2,0.000002269262,38160,FALSE,TerrestrialBody,Norse,MinorBody
S2006_S_28,65175,Saturn,699,2451545,21542463.1,0.2155,256.48,98.66,147.54,37.52,102005732,0,2,0.000002269262,38160,FALSE,TerrestrialBody,Norse,MinorBody
S2006_S_29,65176,Saturn,699,2451545,25576347.5,0.3212,356.32,101.42,144.96,2.44,131959094,0,1.5,0.000000934402,38160,FALSE,TerrestrialBody,Norse,MinorBody
S2007_S_02,65091,Saturn,699,2451545,15996133.9,0.2127,103.11,9.89,150.09,33.45,65268568,0,2.5,0.000004338295,38160,FALSE,TerrestrialBody,Norse,MinorBody
S2007_S_03,65092,Saturn,699,2451545,19804449.6,0.1600,27.39,304.45,150.55,33.15,89913667,0,2.5,0.000004338295,38160,FALSE,TerrestrialBody,Norse,MinorBody
S2007_S_05,65101,Saturn,699,2451545,15913517.0,0.0990,70.07,22.97,134.40,21.13,64763573,0,2,0.000002269262,38160,FALSE,TerrestrialBody,Norse,MinorBody
S2007_S_06,65107,Saturn,699,2451545,18433667.3,0.1699,249.49,347.96,164.84,66.71,80741936,0,1.5,0.000000934402,38160,FALSE,TerrestrialBody,Norse,MinorBody
S2007_S_07,65130,Saturn,699,2451545,15790233.4,0.1860,306.68,63.72,162.32,31.08,64012438,0,2,0.000002269262,38160,FALSE,TerrestrialBody,Norse,MinorBody
S2007_S_08,65131,Saturn,699,2451545,17072303.4,0.5324,196.65,6.24,16.69,130.57,71964734,0,2,0.000002269262,38160,FALSE,TerrestrialBody,Gallic,MinorBody
S2007_S_09,65153,Saturn,699,2451545,20004540.5,0.4518,63.55,240.32,148.24,83.49,91279743,0,2,0.000002269262,38160,FALSE,TerrestrialBody,Norse,MinorBody
S2007_S_10,65177,Saturn,699,2451545,11365160.0,0.5447,64.61,23.53,57.39,177.61,39088128,0,2,0.000002269262,38160,FALSE,TerrestrialBody,Inuit,MinorBody
S2007_S_11,65178,Saturn,699,2451545,17638270.7,0.4538,18.37,233.72,59.99,265.72,75572806,0,2,0.000002269262,38160,FALSE,TerrestrialBody,Gallic,MinorBody
S2019_S_01,65093,Saturn,699,2451545,11248859.2,0.6349,60.14,36.62,16.97,79.65,38489677,0,2.5,0.000004338295,38160,FALSE,TerrestrialBody,Norse,MinorBody
S2019_S_02,65094,Saturn,699,2451545,16486481.7,0.2925,170.73,184.93,150.62,32.21,68292580,0,1.5,0.000000934402,38160,FALSE,TerrestrialBody,Norse,MinorBody
S2019_S_03,65095,Saturn,699,2451545,16909359.2,0.2844,75.97,150.10,145.66,64.44,70936910,0,2,0.000002269262,38160,FALSE,TerrestrialBody,Norse,MinorBody
S2019_S_04,65103,Saturn,699,2451545,18220175.8,0.3431,136.15,217.58,157.97,63.01,79343323,0,1.5,0.000000934402,38160,FALSE,TerrestrialBody,Norse,MinorBody
S2019_S_05,65110,Saturn,699,2451545,19329061.4,0.2401,261.46,59.29,147.88,87.25,86695726,0,1.5,0.000000934402,38160,FALSE,TerrestrialBody,Norse,MinorBody
S2019_S_06,65116,Saturn,699,2451545,18179323.5,0.0914,307.62,185.21,21.01,7.29,79076624,0,2.5,0.000004338295,38160,FALSE,TerrestrialBody,Inuit,MinorBody
S2019_S_07,65118,Saturn,699,2451545,20257376.0,0.2040,317.03,336.36,148.43,49.36,93015714,0,2,0.000002269262,38160,FALSE,TerrestrialBody,Norse,MinorBody
S2019_S_08,65119,Saturn,699,2451545,20077144.8,0.2657,145.73,31.50,147.06,39.83,91777129,0,2,0.000002269262,38160,FALSE,TerrestrialBody,Norse,MinorBody
S2019_S_09,65120,Saturn,699,2451545,20063280.6,0.5068,352.91,244.72,139.56,17.51,91682081,0,2,0.000002269262,38160,FALSE,TerrestrialBody,Norse,MinorBody
S2019_S_10,65122,Saturn,699,2451545,20351510.6,0.2529,284.02,149.61,150.85,81.14,93664823,0,1.5,0.000000934402,38160,FALSE,TerrestrialBody,Norse,MinorBody
S2019_S_11,65124,Saturn,699,2451545,20379887.9,0.5611,355.80,190.63,160.82,169.53,93860795,0,2,0.000002269262,38160,FALSE,TerrestrialBody,Norse,MinorBody
S2019_S_12,65126,Saturn,699,2451545,21425532.5,0.4299,103.47,220.91,163.26,59.81,101176343,0,2,0.000002269262,38160,FALSE,TerrestrialBody,Norse,MinorBody
S2019_S_13,65128,Saturn,699,2451545,20738947.9,0.2929,88.75,138.32,152.75,41.91,96352197,0,1.5,0.000000934402,38160,FALSE,TerrestrialBody,Norse,MinorBody
S2019_S_14,65133,Saturn,699,2451545,17706148.3,0.0989,328.13,240.33,22.91,359.57,76009467,0,2,0.000002269262,38160,FALSE,TerrestrialBody,Inuit,MinorBody
S2019_S_15,65134,Saturn,699,2451545,21206319.3,0.2279,114.86,302.82,165.27,346.27,99627558,0,1.5,0.000000934402,38160,FALSE,TerrestrialBody,Norse,MinorBody
S2019_S_16,65144,Saturn,699,2451545,23003367.4,0.2615,255.35,351.89,138.14,54.47,112556004,0,1.5,0.000000934402,38160,FALSE,TerrestrialBody,Norse,MinorBody
S2019_S_17,65145,Saturn,699,2451545,22935007.9,0.5786,344.97,40.52,135.71,20.10,112054650,0,2,0.000002269262,38160,FALSE,TerrestrialBody,Norse,MinorBody
S2019_S_18,65146,Saturn,699,2451545,23075495.3,0.5432,267.45,340.58,136.87,69.08,113085804,0,1.5,0.000000934402,38160,FALSE,TerrestrialBody,Norse,MinorBody
S2019_S_19,65147,Saturn,699,2451545,23272087.7,0.5370,261.65,336.02,138.45,81.36,114534034,0,1.5,0.000000934402,38160,FALSE,TerrestrialBody,Norse,MinorBody
S2019_S_20,65148,Saturn,699,2451545,23592858.7,0.3610,194.54,281.05,127.29,43.62,116910197,0,1.5,0.000000934402,38160,FALSE,TerrestrialBody,Norse,MinorBody
S2019_S_21,65156,Saturn,699,2451545,26101177.7,0.1431,206.86,346.55,161.87,43.74,136041589,0,2,0.000002269262,38160,FALSE,TerrestrialBody,Norse,MinorBody
S2019_S_22,65179,Saturn,699,2451545,11264621.8,0.4626,115.74,223.08,69.32,242.90,38570606,0,1.5,0.000000934402,38160,FALSE,TerrestrialBody,Inuit,MinorBody
S2019_S_23,65180,Saturn,699,2451545,11323691.7,0.1516,84.77,1.05,77.20,225.24,38874391,0,1.5,0.000000934402,38160,FALSE,TerrestrialBody,Inuit,MinorBody
S2019_S_24,65181,Saturn,699,2451545,11403089.4,0.4508,37.37,79.34,27.01,106.60,39283967,0,2,0.000002269262,38160,FALSE,TerrestrialBody,Inuit,MinorBody
S2019_S_25,65182,Saturn,699,2451545,11304814.9,0.1956,38.48,358.99,34.53,110.82,38777225,0,2,0.000002269262,38160,FALSE,TerrestrialBody,Inuit,MinorBody
S2019_S_26,65183,Saturn,699,2451545,11414939.4,0.3818,148.31,164.28,36.54,322.38,39345218,0,1.5,0.000000934402,38160,FALSE,TerrestrialBody,Inuit,MinorBody
S2019_S_27,65184,Saturn,699,2451545,16463897.2,0.4018,136.64,151.93,142.86,22.20,68152299,0,1.5,0.000000934402,38160,FALSE,TerrestrialBody,Norse,MinorBody
S2019_S_28,65185,Saturn,699,2451545,17611169.4,0.2312,35.91,308.12,147.31,84.97,75398696,0,2,0.000002269262,38160,FALSE,TerrestrialBody,Norse,MinorBody
S2019_S_29,65186,Saturn,699,2451545,17494811.5,0.3458,310.89,133.84,59.24,192.48,74652687,0,1.5,0.000000934402,38160,FALSE,TerrestrialBody,Gallic,MinorBody
S2019_S_30,65187,Saturn,699,2451545,17591480.0,0.1129,173.05,187.44,164.01,34.36,75272287,0,1.5,0.000000934402,38160,FALSE,TerrestrialBody,Norse,MinorBody
S2019_S_31,65188,Saturn,699,2451545,17503863.9,0.4807,30.64,35.19,16.13,50.45,74710636,0,1.5,0.000000934402,38160,FALSE,TerrestrialBody,Gallic,MinorBody
S2019_S_32,65189,Saturn,699,2451545,18066798.0,0.3685,239.22,19.83,31.59,122.82,78343564,0,2.5,0.000004338295,38160,FALSE,TerrestrialBody,Inuit,MinorBody
S2019_S_33,65190,Saturn,699,2451545,18664171.0,0.3389,33.48,245.70,143.61,44.24,82261116,0,2,0.000002269262,38160,FALSE,TerrestrialBody,Norse,MinorBody
S2019_S_34,65191,Saturn,699,2451545,18280548.1,0.6019,227.27,78.26,12.02,39.43,79738004,0,1.5,0.000000934402,38160,FALSE,TerrestrialBody,Gallic,MinorBody
S2019_S_35,65192,Saturn,699,2451545,18713760.2,0.4695,244.08,259.25,149.62,351.24,82589176,0,1.5,0.000000934402,38160,FALSE,TerrestrialBody,Norse,MinorBody
S2019_S_36,65193,Saturn,699,2451545,19810014.0,0.1421,91.14,145.23,165.81,36.18,89951563,0,1.5,0.000000934402,38160,FALSE,TerrestrialBody,Norse,MinorBody
S2019_S_37,65194,Saturn,699,2451545,19712886.1,0.3254,308.93,135.90,140.80,106.68,89290830,0,1.5,0.000000934402,38160,FALSE,TerrestrialBody,Norse,MinorBody
S2019_S_38,65195,Saturn,699,2451545,21570185.3,0.4112,271.05,138.41,140.15,57.33,102202696,0,1.5,0.000000934402,38160,FALSE,TerrestrialBody,Norse,MinorBody
S2019_S_39,65196,Saturn,699,2451545,24196740.9,0.1297,236.98,92.52,152.78,55.45,121427444,0,1.5,0.000000934402,38160,FALSE,TerrestrialBody,Norse,MinorBody
S2019_S_40,65197,Saturn,699,2451545,23934827.9,0.0798,334.19,347.67,157.34,3.57,119461236,0,1.5,0.000000934402,38160,FALSE,TerrestrialBody,Norse,MinorBody
S2019_S_41,65198,Saturn,699,2451545,24984554.6,0.2951,147.61,320.86,169.41,347.41,127405730,0,1.5,0.000000934402,38160,FALSE,TerrestrialBody,Norse,MinorBody
S2019_S_42,65199,Saturn,699,2451545,24458286.7,0.1253,336.53,351.85,165.13,83.63,123401542,0,2,0.000002269262,38160,FALSE,TerrestrialBody,Norse,MinorBody
S2019_S_43,65200,Saturn,699,2451545,26575861.7,0.2748,148.08,306.14,143.74,23.73,139769552,0,1.5,0.000000934402,38160,FALSE,TerrestrialBody,Norse,MinorBody
S2019_S_44,65201,Saturn,699,2451545,25907991.5,0.4085,287.83,330.78,147.46,50.24,134534032,0,1.5,0.000000934402,38160,FALSE,TerrestrialBody,Norse,MinorBody
S2020_S_01,65096,Saturn,699,2451545,11336225.2,0.4619,84.02,2.08,19.82,22.79,38938950,0,2,0.000002269262,38160,FALSE,TerrestrialBody,Inuit,MinorBody
S2020_S_02,65097,Saturn,699,2451545,17777582.1,0.1556,192.60,19.05,149.26,26.74,76469910,0,1.5,0.000000934402,38160,FALSE,TerrestrialBody,Norse,MinorBody
S2020_S_03,65102,Saturn,699,2451545,17799474.9,0.0477,278.87,136.72,34.32,116.33,76611211,0,1.5,0.000000934402,38160,FALSE,TerrestrialBody,Inuit,MinorBody
S2020_S_04,65105,Saturn,699,2451545,18675341.2,0.4305,190.22,178.90,58.68,278.35,82334975,0,1.5,0.000000934402,38160,FALSE,TerrestrialBody,Gallic,MinorBody
S2020_S_05,65106,Saturn,699,2451545,18411247.0,0.1635,250.10,231.96,34.96,112.31,80594675,0,1.5,0.000000934402,38160,FALSE,TerrestrialBody,Inuit,MinorBody
S2020_S_06,65127,Saturn,699,2451545,20960847.4,0.5379,175.16,271.20,164.82,23.65,97902729,0,1.5,0.000000934402,38160,FALSE,TerrestrialBody,Norse,MinorBody
S2020_S_07,65132,Saturn,699,2451545,17670777.4,0.4497,294.28,216.01,137.86,42.18,75781819,0,1.5,0.000000934402,38160,FALSE,TerrestrialBody,Norse,MinorBody
S2020_S_08,65140,Saturn,699,2451545,21888956.0,0.2432,138.40,181.00,158.11,2.27,104476620,0,1.5,0.000000934402,38160,FALSE,TerrestrialBody,Norse,MinorBody
S2020_S_09,65151,Saturn,699,2451545,24613379.4,0.4023,285.54,46.59,167.13,358.02,124577156,0,2,0.000002269262,38160,FALSE,TerrestrialBody,Norse,MinorBody
S2020_S_10,65155,Saturn,699,2451545,26468301.5,0.1803,161.97,158.29,144.87,65.95,138921880,0,1.5,0.000000934402,38160,FALSE,TerrestrialBody,Norse,MinorBody
S2020_S_11,65202,Saturn,699,2451545,11250575.7,0.4324,148.04,96.02,47.93,299.08,38498487,0,1.5,0.000000934402,38160,FALSE,TerrestrialBody,Inuit,MinorBody
S2020_S_12,65203,Saturn,699,2451545,11314223.7,0.1569,112.97,350.98,61.43,283.17,38825646,0,1.5,0.000000934402,38160,FALSE,TerrestrialBody,Inuit,MinorBody
S2020_S_13,65204,Saturn,699,2451545,11395909.9,0.4855,120.58,230.50,64.89,257.75,39246872,0,1.5,0.000000934402,38160,FALSE,TerrestrialBody,Inuit,MinorBody
S2020_S_14,65205,Saturn,699,2451545,16121650.0,0.3713,219.28,209.33,169.48,30.00,66038283,0,1.5,0.000000934402,38160,FALSE,TerrestrialBody,Norse,MinorBody
S2020_S_15,65206,Saturn,699,2451545,16955480.0,0.5581,269.46,141.81,57.82,213.40,71227331,0,1.5,0.000000934402,38160,FALSE,TerrestrialBody,Gallic,MinorBody
S2020_S_16,65207,Saturn,699,2451545,17093597.4,0.3747,358.82,185.45,151.16,68.17,72099416,0,1.5,0.000000934402,38160,FALSE,TerrestrialBody,Norse,MinorBody
S2020_S_17,65208,Saturn,699,2451545,17097494.6,0.4593,263.88,359.01,128.31,62.86,72124074,0,2,0.000002269262,38160,FALSE,TerrestrialBody,Norse,MinorBody
S2020_S_18,65209,Saturn,699,2451545,17835902.8,0.1428,140.40,218.21,142.27,50.27,76846517,0,1.5,0.000000934402,38160,FALSE,TerrestrialBody,Norse,MinorBody
S2020_S_19,65210,Saturn,699,2451545,17914803.1,0.0619,94.14,80.06,65.18,271.07,77356997,0,1.5,0.000000934402,38160,FALSE,TerrestrialBody,Inuit,MinorBody
S2020_S_20,65211,Saturn,699,2451545,18061741.1,0.1236,293.51,330.50,149.25,24.92,78310674,0,1.5,0.000000934402,38160,FALSE,TerrestrialBody,Norse,MinorBody
S2020_S_21,65212,Saturn,699,2451545,19037078.2,0.3424,45.01,95.53,163.51,56.75,84738736,0,1.5,0.000000934402,38160,FALSE,TerrestrialBody,Norse,MinorBody
S2020_S_22,65213,Saturn,699,2451545,19350702.3,0.0436,332.56,130.58,149.23,82.78,86841365,0,1.5,0.000000934402,38160,FALSE,TerrestrialBody,Norse,MinorBody
S2020_S_23,65214,Saturn,699,2451545,19949252.3,0.1018,73.38,64.58,138.93,34.39,90901589,0,1.5,0.000000934402,38160,FALSE,TerrestrialBody,Norse,MinorBody
S2020_S_24,65215,Saturn,699,2451545,20723339.9,0.2200,202.44,301.75,158.03,356.93,96243447,0,1.5,0.000000934402,38160,FALSE,TerrestrialBody,Norse,MinorBody
S2020_S_25,65216,Saturn,699,2451545,20614086.4,0.2899,270.04,318.40,148.34,55.99,95483357,0,1.5,0.000000934402,38160,FALSE,TerrestrialBody,Norse,MinorBody
S2020_S_26,65217,Saturn,699,2451545,20860494.8,0.3061,88.36,141.02,145.17,73.16,97200489,0,1.5,0.000000934402,38160,FALSE,TerrestrialBody,Norse,MinorBody
S2020_S_27,65218,Saturn,699,2451545,21671477.7,0.2076,274.71,31.62,162.06,158.61,102923449,0,1.5,0.000000934402,38160,FALSE,TerrestrialBody,Norse,MinorBody
S2020_S_28,65219,Saturn,699,2451545,21782434.9,0.4302,302.57,2.18,152.64,3.34,103714906,0,1.5,0.000000934402,38160,FALSE,TerrestrialBody,Norse,MinorBody
S2020_S_29,65220,Saturn,699,2451545,22546164.0,0.0590,233.07,115.81,148.96,63.79,109217073,0,1.5,0.000000934402,38160,FALSE,TerrestrialBody,Norse,MinorBody
S2020_S_30,65221,Saturn,699,2451545,22072157.2,0.6266,12.60,60.38,124.53,17.70,105790998,0,1.5,0.000000934402,38160,FALSE,TerrestrialBody,Norse,MinorBody
S2020_S_31,65222,Saturn,699,2451545,22238191.1,0.2384,210.98,0.16,137.60,31.87,106986931,0,1.5,0.000000934402,38160,FALSE,TerrestrialBody,Norse,MinorBody
S2020_S_32,65223,Saturn,699,2451545,22323300.9,0.5382,14.34,89.07,165.46,38.03,107601707,0,1.5,0.000000934402,38160,FALSE,TerrestrialBody,Norse,MinorBody
S2020_S_33,65224,Saturn,699,2451545,22715915.6,0.5918,9.19,165.31,131.84,36.35,110452846,0,1.5,0.000000934402,38160,FALSE,TerrestrialBody,Norse,MinorBody
S2020_S_34,65225,Saturn,699,2451545,22591007.6,0.0930,291.15,117.15,169.11,5.64,109543079,0,1.5,0.000000934402,38160,FALSE,TerrestrialBody,Norse,MinorBody
S2020_S_35,65226,Saturn,699,2451545,23529259.3,0.2556,205.90,97.91,158.40,41.46,116437782,0,1.5,0.000000934402,38160,FALSE,TerrestrialBody,Norse,MinorBody
S2020_S_36,65227,Saturn,699,2451545,23563061.5,0.2442,264.14,216.46,159.67,20.40,116688784,0,1.5,0.000000934402,38160,FALSE,TerrestrialBody,Norse,MinorBody
S2020_S_37,65228,Saturn,699,2451545,23642918.9,0.3459,351.05,182.47,155.10,34.48,117282491,0,1.5,0.000000934402,38160,FALSE,TerrestrialBody,Norse,MinorBody
S2020_S_38,65229,Saturn,699,2451545,23757942.2,0.4241,171.57,99.04,153.70,83.95,118139403,0,2,0.000002269262,38160,FALSE,TerrestrialBody,Norse,MinorBody
S2020_S_39,65230,Saturn,699,2451545,23707265.2,0.3542,297.23,165.30,166.07,100.58,117761608,0,1.5,0.000000934402,38160,FALSE,TerrestrialBody,Norse,MinorBody
S2020_S_40,65231,Saturn,699,2451545,24458787.6,0.4557,38.09,64.06,148.04,62.65,123405334,0,1.5,0.000000934402,38160,FALSE,TerrestrialBody,Norse,MinorBody
S2020_S_41,65232,Saturn,699,2451545,26560957.4,0.3796,327.84,63.22,162.40,358.89,139651990,0,1.5,0.000000934402,38160,FALSE,TerrestrialBody,Norse,MinorBody
S2020_S_42,65233,Saturn,699,2451545,25506874.4,0.6569,182.03,278.42,165.82,6.81,131421799,0,1.5,0.000000934402,38160,FALSE,TerrestrialBody,Norse,MinorBody
S2020_S_43,65234,Saturn,699,2451545,25922678.0,0.2336,333.32,252.89,151.68,12.67,134648444,0,1.5,0.000000934402,38160,FALSE,TerrestrialBody,Norse,MinorBody
S2020_S_44,65235,Saturn,699,2451545,26590132.0,0.1571,49.06,317.64,159.09,21.74,139882144,0,1.5,0.000000934402,38160,FALSE,TerrestrialBody,Norse,MinorBody
S2023_S_01,65236,Saturn,699,2451545,11172533.1,0.4674,309.63,263.33,21.70,19.32,38098600,0,1.5,0.000000934402,38160,FALSE,TerrestrialBody,Inuit,MinorBody
S2023_S_02,65237,Saturn,699,2451545,11349551.8,0.2589,80.43,257.20,51.22,148.60,39007634,0,1.5,0.000000934402,38160,FALSE,TerrestrialBody,Inuit,MinorBody
S2023_S_03,65238,Saturn,699,2451545,17822036.3,0.2436,302.91,272.39,46.77,297.10,76756918,0,1.5,0.000000934402,38160,FALSE,TerrestrialBody,Inuit,MinorBody
S2023_S_04,65239,Saturn,699,2451545,17593124.1,0.2502,296.88,124.11,150.55,65.50,75282839,0,1.5,0.000000934402,38160,FALSE,TerrestrialBody,Norse,MinorBody
S2023_S_05,65240,Saturn,699,2451545,26333790.8,0.7102,42.31,334.20,147.38,54.94,137864235,0,1.5,0.000000934402,38160,FALSE,TerrestrialBody,Norse,MinorBody
S2023_S_06,65241,Saturn,699,2451545,11883204.6,0.5001,133.10,133.48,60.00,266.16,41790917,0,1.5,0.000000934402,38160,FALSE,TerrestrialBody,Inuit,MinorBody
S2023_S_07,65242,Saturn,699,2451545,12113357.6,0.2064,75.54,102.08,62.81,176.48,43010882,0,2,0.000002269262,38160,FALSE,TerrestrialBody,Inuit,MinorBody
S2023_S_08,65243,Saturn,699,2451545,13966920.7,0.1479,228.15,149.53,144.99,63.21,53251585,0,1.5,0.000000934402,38160,FALSE,TerrestrialBody,Norse,MinorBody
S2023_S_09,65244,Saturn,699,2451545,13205369.8,0.1430,63.73,284.92,159.29,49.92,48956165,0,1.5,0.000000934402,38160,FALSE,TerrestrialBody,Norse,MinorBody
S2023_S_10,65245,Saturn,699,2451545,15516864.8,0.2930,24.63,71.14,161.60,81.69,62357329,0,1.5,0.000000934402,38160,FALSE,TerrestrialBody,Norse,MinorBody
S2023_S_11,65246,Saturn,699,2451545,14006454.1,0.3170,57.50,334.13,144.05,45.67,53477838,0,1.5,0.000000934402,38160,FALSE,TerrestrialBody,Norse,MinorBody
S2023_S_12,65247,Saturn,699,2451545,15841719.0,0.6296,85.45,339.69,159.19,77.45,64325771,0,1.5,0.000000934402,38160,FALSE,TerrestrialBody,Norse,MinorBody
S2023_S_13,65248,Saturn,699,2451545,15311100.1,0.1585,135.05,173.64,143.53,30.46,61121096,0,1.5,0.000000934402,38160,FALSE,TerrestrialBody,Norse,MinorBody
S2023_S_14,65249,Saturn,699,2451545,16884645.9,0.5414,253.49,62.67,156.29,66.86,70781454,0,1.5,0.000000934402,38160,FALSE,TerrestrialBody,Norse,MinorBody
S2023_S_15,65250,Saturn,699,2451545,18128268.8,0.6302,49.43,159.83,152.10,77.47,78743740,0,1.5,0.000000934402,38160,FALSE,TerrestrialBody,Norse,MinorBody
S2023_S_16,65251,Saturn,699,2451545,17182779.2,0.3017,49.80,80.07,149.95,78.49,72664394,0,1.5,0.000000934402,38160,FALSE,TerrestrialBody,Norse,MinorBody
S2023_S_17,65252,Saturn,699,2451545,17339497.0,0.4975,193.48,128.04,33.80,156.88,73660775,0,1.5,0.000000934402,38160,FALSE,TerrestrialBody,Gallic,MinorBody
S2023_S_18,65253,Saturn,699,2451545,17303296.5,0.5249,322.20,169.57,44.45,275.44,73430218,0,1.5,0.000000934402,38160,FALSE,TerrestrialBody,Gallic,MinorBody
S2023_S_19,65254,Saturn,699,2451545,17782427.2,0.0432,230.97,326.33,66.79,266.26,76501174,0,1.5,0.000000934402,38160,FALSE,TerrestrialBody,Inuit,MinorBody
S2023_S_20,65255,Saturn,699,2451545,17122557.7,0.4615,348.10,200.59,116.19,358.57,72282722,0,1.5,0.000000934402,38160,FALSE,TerrestrialBody,Norse,MinorBody
S2023_S_21,65256,Saturn,699,2451545,17708424.4,0.0633,9.64,38.93,134.34,18.46,76024124,0,1.5,0.000000934402,38160,FALSE,TerrestrialBody,Norse,MinorBody
S2023_S_22,65257,Saturn,699,2451545,18618825.4,0.3160,305.50,4.08,33.68,322.04,81961512,0,2,0.000002269262,38160,FALSE,TerrestrialBody,Inuit,MinorBody
S2023_S_23,65258,Saturn,699,2451545,18620341.7,0.3739,78.80,81.61,139.71,45.83,81971524,0,1.5,0.000000934402,38160,FALSE,TerrestrialBody,Norse,MinorBody
S2023_S_24,65259,Saturn,699,2451545,18151727.3,0.3158,120.83,54.08,162.88,32.11,78896635,0,1.5,0.000000934402,38160,FALSE,TerrestrialBody,Norse,MinorBody
S2023_S_25,65260,Saturn,699,2451545,19069464.5,0.3043,259.44,186.34,142.25,55.15,84955067,0,1.5,0.000000934402,38160,FALSE,TerrestrialBody,Norse,MinorBody
S2023_S_26,65261,Saturn,699,2451545,20149348.0,0.2539,124.35,131.84,139.76,32.58,92272660,0,1.5,0.000000934402,38160,FALSE,TerrestrialBody,Norse,MinorBody
S2023_S_27,65262,Saturn,699,2451545,20127994.9,0.6583,33.84,91.38,161.19,97.92,92126020,0,1.5,0.000000934402,38160,FALSE,TerrestrialBody,Norse,MinorBody
S2023_S_28,65263,Saturn,699,2451545,20432201.4,0.4674,92.28,189.40,153.76,17.45,94222426,0,1.5,0.000000934402,38160,FALSE,TerrestrialBody,Norse,MinorBody
S2023_S_29,65264,Saturn,699,2451545,20250051.7,0.1229,359.83,163.14,147.00,52.60,92965272,0,1.5,0.000000934402,38160,FALSE,TerrestrialBody,Norse,MinorBody
S2023_S_30,65265,Saturn,699,2451545,18233974.1,0.3338,156.41,2.71,126.05,96.76,79433472,0,1.5,0.000000934402,38160,FALSE,TerrestrialBody,Norse,MinorBody
S2023_S_31,65266,Saturn,699,2451545,20711912.0,0.1708,180.92,308.31,147.27,75.79,96163847,0,1.5,0.000000934402,38160,FALSE,TerrestrialBody,Norse,MinorBody
S2023_S_32,65267,Saturn,699,2451545,20612206.6,0.0317,70.78,29.53,143.40,46.64,95470297,0,1,0.000000266972,38160,FALSE,TerrestrialBody,Norse,MinorBody
S2023_S_33,65268,Saturn,699,2451545,21874427.6,0.7976,231.58,49.12,138.40,55.38,104372621,0,1.5,0.000000934402,38160,FALSE,TerrestrialBody,Norse,MinorBody
S2023_S_34,65269,Saturn,699,2451545,20273630.8,0.5079,163.83,293.47,158.41,63.66,93127693,0,1.5,0.000000934402,38160,FALSE,TerrestrialBody,Norse,MinorBody
S2023_S_35,65270,Saturn,699,2451545,22560455.7,0.1161,1.11,93.39,165.20,47.82,109320937,0,1.5,0.000000934402,38160,FALSE,TerrestrialBody,Norse,MinorBody
S2023_S_36,65271,Saturn,699,2451545,22403461.8,0.3743,30.69,312.23,166.08,71.22,108181809,0,1.5,0.000000934402,38160,FALSE,TerrestrialBody,Norse,MinorBody
S2023_S_37,65272,Saturn,699,2451545,19597493.8,0.2177,336.99,245.06,153.00,28.78,88507963,0,1.5,0.000000934402,38160,FALSE,TerrestrialBody,Norse,MinorBody
S2023_S_38,65273,Saturn,699,2451545,12138483.6,0.9156,41.14,172.28,152.85,7.37,43144774,0,1.5,0.000000934402,38160,FALSE,TerrestrialBody,Norse,MinorBody
S2023_S_39,65274,Saturn,699,2451545,20534935.0,0.1049,28.94,344.99,142.33,22.96,94933948,0,1.5,0.000000934402,38160,FALSE,TerrestrialBody,Norse,MinorBody
S2023_S_40,65275,Saturn,699,2451545,21009415.1,0.3627,257.03,3.64,151.89,67.34,98243196,0,1.5,0.000000934402,38160,FALSE,TerrestrialBody,Norse,MinorBody
S2023_S_41,65276,Saturn,699,2451545,21210325.5,0.2326,118.92,28.77,159.81,32.59,99655791,0,1.5,0.000000934402,38160,FALSE,TerrestrialBody,Norse,MinorBody
S2023_S_42,65277,Saturn,699,2451545,21993448.9,0.0537,201.47,316.53,166.26,34.05,105225634,0,1.5,0.000000934402,38160,FALSE,TerrestrialBody,Norse,MinorBody
S2023_S_43,65278,Saturn,699,2451545,22482526.1,0.1973,158.20,92.13,148.08,60.02,108754992,0,1.5,0.000000934402,38160,FALSE,TerrestrialBody,Norse,MinorBody
S2023_S_44,65279,Saturn,699,2451545,19091158.4,0.3990,158.83,232.74,140.50,43.20,85100079,0,1.5,0.000000934402,38160,FALSE,TerrestrialBody,Norse,MinorBody
S2023_S_45,65280,Saturn,699,2451545,23898528.1,0.6969,14.06,336.80,137.50,7.06,119189575,0,1.5,0.000000934402,38160,FALSE,TerrestrialBody,Norse,MinorBody
S2023_S_46,65281,Saturn,699,2451545,24595872.0,0.4197,43.87,230.28,157.44,126.58,124444262,0,1.5,0.000000934402,38160,FALSE,TerrestrialBody,Norse,MinorBody
S2023_S_47,65282,Saturn,699,2451545,25679401.4,0.1271,231.06,97.44,137.97,55.36,132757445,0,1.5,0.000000934402,38160,FALSE,TerrestrialBody,Norse,MinorBody
S2023_S_48,65283,Saturn,699,2451545,20011029.2,0.0081,295.30,326.48,163.49,47.81,91324159,0,1.5,0.000000934402,38160,FALSE,TerrestrialBody,Norse,MinorBody
S2023_S_49,65284,Saturn,699,2451545,21792080.0,0.0053,107.16,66.31,145.34,45.11,103783800,0,1.5,0.000000934402,38160,FALSE,TerrestrialBody,Norse,MinorBody
S2023_S_50,65285,Saturn,699,2451545,11631609.6,0.2394,83.47,79.46,160.46,14.13,40470751,0,1.5,0.000000934402,38160,FALSE,TerrestrialBody,Norse,MinorBody
Ariel,701,Uranus,799,2451545,190941.3,0.0015,21.04,152.79,180.00,150.62,217791,0,578.9,83.5,0,FALSE,TerrestrialBody,Major,PlanetaryBody
Umbriel,702,Uranus,799,2451545,266012.2,0.0042,326.36,271.22,179.94,166.35,358131,0,584.7,85.1,0,FALSE,TerrestrialBody,Major,PlanetaryBody
Titania,703,Uranus,799,2451545,436292.7,0.0025,38.62,74.42,179.90,11.44,752231,0,788.9,226.9,0,FALSE,TerrestrialBody,Major,PlanetaryBody
Oberon,704,Uranus,799,2451545,583549.9,0.0006,39.01,93.50,179.81,319.96,1163594,0,761.4,205.3,0,FALSE,TerrestrialBody,Major,PlanetaryBody
Miranda,705,Uranus,799,2451545,129871.8,0.0015,344.67,62.06,175.57,259.17,122170,0,235.8,4.3,0,FALSE,TerrestrialBody,Major,PlanetaryBody
Cordelia,706,Uranus,799,2451545,49835.2,0.0013,119.89,347.90,179.85,105.29,29040,180,13,0.0040579744,0,FALSE,TerrestrialBody,Inner Uranus,MinorBody
Ophelia,707,Uranus,799,2451545,53837.1,0.0093,315.96,201.23,179.79,95.72,32607,180,16,0.0023827251,0,FALSE,TerrestrialBody,Inner Uranus,MinorBody
Bianca,708,Uranus,799,2451545,59235.4,0.0064,299.94,288.62,177.66,162.64,37633,180,22,0.004605267,0,FALSE,TerrestrialBody,Inner Uranus,MinorBody
Cressida,709,Uranus,799,2451545,61833.7,0.0047,304.83,66.29,178.22,242.53,40136,180,33,0.0122740377,0,FALSE,TerrestrialBody,Inner Uranus,MinorBody
Desdemona,710,Uranus,799,2451545,62724.9,0.0078,14.55,340.87,176.87,274.01,41006,180,29,0.00934402,0,FALSE,TerrestrialBody,Inner Uranus,MinorBody
Juliet,711,Uranus,799,2451545,64422.1,0.0063,314.20,270.00,176.97,322.60,42682,180,42,0.02869949,0,FALSE,TerrestrialBody,Inner Uranus,MinorBody
Portia,712,Uranus,799,2451545,66158.6,0.0030,136.90,125.65,177.33,163.16,44419,180,55,0.0867659,0,FALSE,TerrestrialBody,Inner Uranus,MinorBody
Rosalind,713,Uranus,799,2451545,69986.5,0.0041,219.66,337.76,178.32,295.46,48330,180,29,0.0133486,0,FALSE,TerrestrialBody,Inner Uranus,MinorBody
Belinda,714,Uranus,799,2451545,75310.7,0.0023,51.86,5.34,178.58,168.48,53948,180,34,0.02536234,0,FALSE,TerrestrialBody,Inner Uranus,MinorBody
Puck,715,Uranus,799,2451545,86053.1,0.0095,192.87,344.35,178.95,87.11,65893,180,77,0.12747913,0,FALSE,TerrestrialBody,Inner Uranus,MinorBody
Caliban,716,Uranus,799,2451545,7169876.3,0.0812,148.34,26.26,137.49,347.84,50114104,0,30,0.002602977,35812,FALSE,TerrestrialBody,Caliban,MinorBody
Sycorax,717,Uranus,799,2451545,12178044.0,0.5135,105.48,261.60,97.79,327.29,110932496,0,60,0.133486,24898,FALSE,TerrestrialBody,Irregular Uranus,MinorBody
Prospero,718,Uranus,799,2451545,16286787.3,0.3230,201.01,247.52,67.93,338.88,171571682,0,50,0.004338295,25722,FALSE,TerrestrialBody,Irregular Uranus,MinorBody
Setebos,719,Uranus,799,2451545,17444178.3,0.5585,95.95,173.09,100.78,321.09,190181492,0,23.5,0.003604122,15318,FALSE,TerrestrialBody,Irregular Uranus,MinorBody
Stephano,720,Uranus,799,2451545,7956684.4,0.1442,178.73,255.50,132.55,336.71,58585571,0,16,0.001134631,35812,FALSE,TerrestrialBody,Caliban,MinorBody
Trinculo,721,Uranus,799,2451545,8498978.3,0.2229,308.49,182.79,109.47,347.37,64675911,0,9,0.0002069033,15318,FALSE,TerrestrialBody,Irregular Uranus,MinorBody
Francisco,722,Uranus,799,2451545,4277264.2,0.1377,15.56,22.18,109.95,25.99,23090938,0,11,0.0003737608,15318,FALSE,TerrestrialBody,Irregular Uranus,MinorBody
Margaret,723,Uranus,799,2451545,14468609.0,0.8276,312.07,323.85,46.48,132.62,143658936,0,10,0.0002803206,15318,FALSE,TerrestrialBody,Margaret,MinorBody
Ferdinand,724,Uranus,799,2451545,20408683.2,0.4212,288.89,21.20,104.72,344.00,240666116,0,10.5,0.0003203664,42624,FALSE,TerrestrialBody,Irregular Uranus,MinorBody
Perdita,725,Uranus,799,2451545,76469.3,0.0044,306.32,227.56,178.39,186.32,55198,180,15,0.000934402,0,FALSE,TerrestrialBody,Inner Uranus,MinorBody
Mab,726,Uranus,799,2451545,97778.3,0.0062,33.92,6.76,178.17,358.72,79810,180,9,0.0002069033,0,FALSE,TerrestrialBody,Inner Uranus,MinorBody
Cupid,727,Uranus,799,2451545,74448.6,0.0077,225.09,57.14,177.97,82.79,53025,180,9,0.0002069033,0,FALSE,TerrestrialBody,Inner Uranus,MinorBody
S2023_U_01,75051,Uranus,799,2451545,7973661.2,0.1817,222.09,18.82,92.22,316.95,58773174,0,4,0.00001802061,15318,FALSE,TerrestrialBody,Caliban,MinorBody
S2025_U_01,75052,Uranus,799,2451545,-12060.6,0.2203,274.38,10767646.61,87.36,170.77,0,180,4.5,0.0000266972,0,FALSE,TerrestrialBody,Inner Uranus,MinorBody
Triton,801,Neptune,899,2451545,354765.9,0.0000,58.67,359.91,156.82,177.86,507779,0.4,1352.6,1428.49546,0,TRUE,TerrestrialBody,Triton,PlanetaryBody
Nereid,802,Neptune,899,2451545,5511154.8,0.7506,17.94,215.63,28.41,215.21,31093618,0,170,1.601832,48960,FALSE,TerrestrialBody,Nereid,PlanetaryBody
Naiad,803,Neptune,899,2451545,48293.5,0.0015,92.85,360.00,5.14,35.35,25506,0.4,29,0.00853,0,FALSE,TerrestrialBody,Inner Neptune,MinorBody
Thalassa,804,Neptune,899,2451545,50139.7,0.0015,276.67,356.70,0.43,20.25,26982,0.4,40,0.2359,0,FALSE,TerrestrialBody,Inner Neptune,MinorBody
Despina,805,Neptune,899,2451545,52588.1,0.0010,98.68,16.19,0.51,7.53,28983,0.4,74,0.11673,0,FALSE,TerrestrialBody,Inner Neptune,MinorBody
Galatea,806,Neptune,899,2451545,62005.2,0.0010,75.72,6.27,0.51,2.00,37106,0.4,79,0.1899,0,FALSE,TerrestrialBody,Inner Neptune,MinorBody
Larissa,807,Neptune,899,2451545,73592.3,0.0007,221.57,152.95,0.70,347.51,47980,0.4,96,0.25484,0,FALSE,TerrestrialBody,Inner Neptune,MinorBody
Proteus,808,Neptune,899,2451545,117674.7,0.0005,351.64,283.67,1.07,358.80,97013,0.9,208,2.58342,0,FALSE,TerrestrialBody,Inner Neptune,MinorBody
Halimede,809,Neptune,899,2451545,16605281.3,0.2599,148.48,229.98,139.02,187.71,162621022,0,61,0.00800916,0,FALSE,TerrestrialBody,Halimede,MinorBody
Psamathe,810,Neptune,899,2451545,46984378.0,0.3412,161.01,183.35,118.61,312.65,773993930,0,38,0.001935547,0,FALSE,TerrestrialBody,Neso,MinorBody
Sao,811,Neptune,899,2451545,22181932.6,0.1403,48.29,14.05,26.23,48.38,251076696,0,40,0.002269262,0,FALSE,TerrestrialBody,Sao,MinorBody
Laomedeia,812,Neptune,899,2451545,23528889.4,0.3734,122.60,154.61,9.84,37.91,274289684,0,40,0.002269262,0,FALSE,TerrestrialBody,Sao,MinorBody
Neso,813,Neptune,899,2451545,51344182.9,0.6204,74.98,224.75,114.36,14.32,884187156,0,60,0.00734173,0,FALSE,TerrestrialBody,Neso,MinorBody
Hippocamp,814,Neptune,899,2451545,105317.1,0.0007,320.43,307.34,0.85,2.92,82140,0.4,34.8,0.001468346,0,FALSE,TerrestrialBody,Inner,MinorBody
S2002_N_05,85051,Neptune,899,2451545,23448133.8,0.5218,77.70,179.81,65.27,240.74,272878775,0,19,0.001935547,0,FALSE,TerrestrialBody,Sao,MinorBody
S2021_N_01,85052,Neptune,899,2451545,49061387.9,0.5653,107.32,139.19,162.01,246.68,825880242,0,25,0.000533944,0,FALSE,TerrestrialBody,Neso,MinorBody
Charon,901,Pluto,999,2451545,19595.8,0.0002,146.01,148.67,0.08,9.44,551856,0,606,106.1,0,FALSE,TerrestrialBody,Charon,PlanetaryBody
Nix,902,Pluto,999,2451545,39325.7,0.2042,263.92,154.76,0.10,23.73,1661895,0,18,0.001496,158025,FALSE,TerrestrialBody,Minor Pluto,MinorBody
Hydra,903,Pluto,999,2451545,98706.4,0.3669,160.43,345.98,0.24,105.69,6608546,0,18.5,0.00201,37116,FALSE,TerrestrialBody,Minor Pluto,MinorBody
Kerberos,904,Pluto,999,2451545,133083.7,0.5555,312.24,356.99,0.43,329.41,10346084,0,6,0.00006038,458784,FALSE,TerrestrialBody,Minor Pluto,MinorBody
Styx,905,Pluto,999,2451545,42207.2,0.1008,305.47,285.85,0.05,333.70,1847854,0,5.2,0.0000405,279936,FALSE,TerrestrialBody,Minor Pluto,MinorBody
Ceres,1,Sol,10,2451545,57909068.3,0.2056,29.12,174.80,7.01,48.33,7600530,0,469.7,62.628,32757,FALSE,TerrestrialBody,Asteroid,Asteroid
Pallas,2,Sol,10,2451545,108208168.2,0.0068,55.19,50.11,3.39,76.68,19413936,0,256.5,13.63,28126,FALSE,TerrestrialBody,Asteroid,Asteroid
Juno,3,Sol,10,2451545,149597336.2,0.0167,322.63,357.55,0.00,140.29,31557979,0,123.3,1.02,25956,FALSE,TerrestrialBody,Asteroid,Asteroid
Vesta,4,Sol,10,2451545,227939132.9,0.0933,286.54,19.36,1.85,49.56,59354318,0,261.4,17.288,19224,FALSE,TerrestrialBody,Asteroid,Asteroid
Psyche,16,Sol,10,2451545,436910364.5,0.1382,229.12,335.59,3.09,150.47,157511611,0,111,1.601,15105,FALSE,TerrestrialBody,Asteroid,Asteroid
Lutetia,21,Sol,10,2451545,364380543.7,0.1617,250.12,314.42,3.07,80.95,119965625,0,49,0.1134,29395,FALSE,TerrestrialBody,Asteroid,Asteroid
Ida,243,Sol,10,2451545,427803555.0,0.0458,112.29,244.33,1.14,324.38,152612686,0,16,0.00275,16682,TRUE,TerrestrialBody,Asteroid,Asteroid
Mathilde,253,Sol,10,2451545,396013358.0,0.2655,156.31,225.72,6.71,179.86,135921702,0,26.4,0.00689,1503720,FALSE,TerrestrialBody,Asteroid,Asteroid
Eros,433,Sol,10,2451545,218164470.2,0.2228,178.65,57.69,10.83,304.42,55577638,0,8.42,0.0004463,18972,FALSE,TerrestrialBody,Asteroid,Asteroid
Gaspra,951,Sol,10,2451545,330524608.9,0.1736,129.31,96.50,4.10,253.32,103640560,0,6.1,0.00017,255351,FALSE,TerrestrialBody,Asteroid,Asteroid
Steins,2867,Sol,10,2451545,353425647.5,0.1470,250.15,177.82,9.95,55.64,114596445,0,2.58,0.000105,21776,FALSE,TerrestrialBody,Asteroid,Asteroid
Toutatis,4179,Sol,10,2451545,375572911.4,0.6343,274.68,283.83,0.47,128.37,125535178,0,1.25,0.000001268,633600,FALSE,TerrestrialBody,Asteroid,Asteroid
Annefrank,5535,Sol,10,2451545,331063940.8,0.0639,8.31,250.75,4.25,120.75,103894336,0,2.4,0.00032,54432,FALSE,TerrestrialBody,Asteroid,Asteroid
Braille,9969,Sol,10,2451545,350269427.1,0.4335,355.35,44.73,28.95,242.16,113064795,0,1.37,0.00000052,815040,FALSE,TerrestrialBody,Asteroid,Asteroid
Itokawa,25143,Sol,10,2451545,198209060.2,0.2805,160.14,44.09,1.72,71.61,48129273,0,0.165,0.0000000021,43675,FALSE,TerrestrialBody,Asteroid,Asteroid
Quaoar,50000,Sol,10,2451545,6452606018.7,0.0395,163.79,258.96,8.01,189.08,8939778833,0,543,95.6,63644,FALSE,TerrestrialBody,Asteroid,Asteroid
Didymos,65803,Sol,10,2451545,245651314.9,0.3832,318.89,65.75,3.40,73.45,66405292,0,0.358,0.000000003489,8136,FALSE,TerrestrialBody,Asteroid,Asteroid
Sedna,90377,Sol,10,2451545,82257554868.9,0.8610,310.73,357.90,11.93,144.32,406900051690,0,453,266.9,36982,FALSE,TerrestrialBody,Asteroid,Asteroid
Orcus,90482,Sol,10,2457388.5,5904635091.6,0.2180,73.00,174.60,20.56,268.57,7825527936,0,455,38.56,47484,FALSE,TerrestrialBody,Asteroid,Asteroid
Bennu,101955,Sol,10,2451545,168884531.2,0.2047,65.67,35.42,6.03,2.18,37853746,0,0.241,4.89159447E-09,15466,FALSE,TerrestrialBody,Asteroid,Asteroid
Salacia,120347,Sol,10,2451545,6318299044.3,0.1028,312.05,96.76,23.95,280.18,8662122416,0,452.5,32.444,21924,FALSE,TerrestrialBody,Asteroid,Asteroid
Haumea,136108,Sol,10,2457388.5,6478322875.6,0.1895,239.66,211.02,28.19,121.84,8993276272,0,809,264.41,14094,FALSE,TerrestrialBody,Asteroid,Asteroid
Eris,136199,Sol,10,2451545,10193574955.5,0.4325,150.85,194.29,43.74,36.13,17750632487,0,1163,1079,1365120,FALSE,TerrestrialBody,Asteroid,Asteroid
Ryugu,162173,Sol,10,2451545,177879939.3,0.1900,211.27,288.65,5.88,251.73,40918011,0,0.448,0.00000003,27477,FALSE,TerrestrialBody,Asteroid,Asteroid
Kagara,469705,Sol,10,2451545,6575008855.8,0.0868,75.55,316.31,2.87,118.02,9195356355,0,69,0.0837,34740,FALSE,TerrestrialBody,Asteroid,Asteroid
Arrokoth,486958,Sol,10,2451545,6593333612.4,0.0397,189.44,278.09,2.45,159.20,9233824748,0,10.78,0.0000499571355,57376,FALSE,TerrestrialBody,Asteroid,Asteroid
Dimorphos,120065803,Didymos,20065803,2457388.5,1.2,0.0182,175.10,360.00,162.72,159.33,44514,0,0.074,2.98047E-10,42912,FALSE,TerrestrialBody,Asteroid,Asteroid
Dysnomia,120136199,Eris,20136199,2451545,37274.5,0.0061,177.31,114.55,45.51,126.16,1364011,0,350,9.56,0,FALSE,TerrestrialBody,Asteroid,Asteroid
Haunu,120469705,Kagara,20469705,2451545,7681.4,0.6935,179.22,77.06,33.45,4.15,11032664,0,60,0.2803,0,FALSE,TerrestrialBody,Asteroid,Asteroid
Hiaka,120136108,Haumea,20136108,2451545,49214.5,0.0551,135.31,303.36,104.94,202.35,4236764,0,160,1.194,35280,FALSE,TerrestrialBody,Asteroid,Asteroid
Namaka,220136108,Haumea,20136108,2451545,24718.9,0.2419,121.48,356.54,98.26,191.76,1498645,0,85,0.036,0,FALSE,TerrestrialBody,Asteroid,Asteroid
Vanth,120090482,Orcus,20090482,2451545,12727.8,0.2946,5.10,0.19,104.28,53.36,1583689,0,221.5,3.47,0,FALSE,TerrestrialBody,Asteroid,Asteroid
Weywot,120050000,Quaoar,20050000,2451545,13529.9,0.2516,329.80,188.01,167.85,267.06,1011828,0,82.5,0.04783,0,FALSE,TerrestrialBody,Asteroid,Asteroid
Dactyl,243,Ida,243,2451545,90.0,0.2000,155.50,176.80,8.00,13.00,0,0,0.7,0.00000003470636,0,FALSE,TerrestrialBody,Asteroid,Asteroid
Oumuamua,DES=3788040,Sol,10,2451545,-190416022.7,1.2029,239.32,-4433.25,123.07,20.16,0,0,0.2,1.6E-11,28573,FALSE,TerrestrialBody,Interstellar,Asteroid
Halley,90000030,Sol,10,2451545,2681019348.5,0.9673,112.45,65.85,162.20,59.51,2394274685,0,5.5,0.00001468,190080,FALSE,Comet,Comet,Comet
Borrelly,90000305,Sol,10,2451545,540428215.1,0.6236,353.33,270.69,30.32,75.42,216686110,0,2.4,0.000001335,45000,FALSE,Comet,Comet,Comet
Tempel 1,90000192,Sol,10,2451545,466496515.9,0.5190,178.91,359.80,10.54,68.97,173778746,0,3,0.00000504,146520,FALSE,Comet,Comet,Comet
Wild 2,90000860,Sol,10,2451545,515417669.6,0.5386,41.89,149.68,3.24,136.14,201819444,0,2.1,0.000001535,146880,FALSE,Comet,Comet,Comet
Hartley 2,90000955,Sol,10,2451545,515555499.7,0.7005,180.78,114.05,13.62,219.93,201900404,0,0.8,0.00000002,65160,FALSE,Comet,Comet,Comet
Churyumov-Gerasimnko,90000701,Sol,10,2451545,525238086.1,0.6314,11.35,216.23,7.12,50.99,207614827,0,1.7,0.000000662,44640,FALSE,Comet,Comet,Comet
