ID,ID_IAU,PARENT,PARENT_IAU,EPOCH,A_SEMI_MAJOR_AXIS_KM,EC_ECCENTRICITY,W_ARG_PERIAPSIS_DEG,MA_MEAN_ANOMALY_DEG,IN_INCLINATION_DEG,OM_LONGITUDE_ASCENDING_NODE_DEG,PR_SIDEREAL_ORBIT_PERIOD_SEC,AXIAL_TILT_DEG,MEAN_RADIUS_KM,GM_KM3/S2,PERIOD_SEC,RETROGRADE_ROT,MODEL_TYPE,GROUP
Mercury,1,Sol,10,2451545,58343170,0.2056,29.124,174.8,7.00487,48.331,7600530,0.027,2439.4,22031.868,5067014,FALSE,TerrestrialBody,Planet
Venus,2,Sol,10,2451545,107710467,0.0068,54.891,50.1,3.39458,76.68,19413936,177.4,6051.84,324858.592,20996755,TRUE,AtmosphericBody,Planet
Earth,3,Sol,10,2451545,149597870,0.0167,114.207,358.6,0.00005,-11.261,31579397,23.44,6371,398600.435,86162,FALSE,TerrestrialBody,Planet
Mars,4,Sol,10,2451545,227939134,0.0934,286.537,19.35,1.85061,49.558,59354318,25.19,3389.9,42828.38,88639,FALSE,AtmosphericBody,Planet
Jupiter,5,Sol,10,2451545,778567158,0.0489,273.867,18.81,1.3053,100.464,374501014,3.1,69911,126686531.9,35730,FALSE,AtmosphericBody,Planet
Saturn,6,Sol,10,2451545,1433147601,0.0565,388.911,320.4,2.48446,113.665,935900222,26.73,58232,37931206.234,38358,FALSE,AtmosphericBody,Planet
Uranus,7,Sol,10,2451545,2875271074,0.0461,96.541,142.89,0.76986,74.229,2661194504,97.77,25362,5793950.6103,62064,FALSE,AtmosphericBody,Planet
Neptune,8,Sol,10,2451545,4495416014,0.0097,272.846,266.1,1.75917,131.721,5209777483,28.32,24624,6835099.97,57996,FALSE,AtmosphericBody,Planet
Pluto,134340,Sol,10,2451545,5906123934,0.2488,113.76329,14.14,17.14175,110.30347,7855647934,122,1188.3,869.326,551844,TRUE,TerrestrialBody,Planet
Luna,301,Earth,3,2451545,377235,0.06315,308.9,146.67,5.2403,123.958,2334196,6.68,1737.53,4902.8,0,FALSE,TerrestrialBody,Planet
Phobos,401,Mars,4,2451545,9375,0.015,216.3,189.7,1.093,169.2,27536,0,11.08,0.0007087,27561.6,FALSE,TerrestrialBody,Planet
Deimos,402,Mars,4,2451545,23457,0.00033,0,205,1.788,54.3,109080,0.9,6.2,0.0000962,109123.2,FALSE,TerrestrialBody,Planet
Io,501,Jupiter,5,2451545,421800,0.004,49.1,330.9,0,0,152300,0,1821.49,5959.9155,0,FALSE,TerrestrialBody,Galilean
Europa,502,Jupiter,5,2451545,671100,0.009,45,345.4,0.5,184,304600,0,1560.8,3202.7121,0,FALSE,TerrestrialBody,Galilean
Ganymede,503,Jupiter,5,2451545,1070400,0.001,198.3,324.8,0.2,58.5,618243,0.1,2631.2,9887.8328,0,FALSE,TerrestrialBody,Galilean
Callisto,504,Jupiter,5,2451545,1882700,0.007,43.8,87.4,0.3,309.1,1442054,0.4,2410.3,7179.2834,0,FALSE,TerrestrialBody,Galilean
Amalthea,505,Jupiter,5,2451545,181400,0.003,180.1,310.6,0.4,282.9,43193,0,83.5,0.16456,0,FALSE,TerrestrialBody,Inner
Thebe,514,Jupiter,5,2451545,221900,0.018,26.6,182.1,1.1,340.4,58415,0,49.3,0.03015,0,FALSE,TerrestrialBody,Inner
Adrastea,515,Jupiter,5,2451545,129000,0.0015,0,214.5,0,0,25770,0,8.2,0.00014,0,FALSE,TerrestrialBody,Inner
Metis,516,Jupiter,5,2451545,128000,0.0002,0,166,0,0,25469,0,21.5,0.0025,0,FALSE,TerrestrialBody,Inner
Himalia,506,Jupiter,5,2451545,11439000,0.16,321.1,78.3,28.4,64.2,21592138,0,85,0.151552,34560,FALSE,TerrestrialBody,Himalia
Elara,507,Jupiter,5,2451545,11710700,0.212,129.9,346.9,27.8,112.8,22367759,0,40,0.01802061,43200,FALSE,TerrestrialBody,Himalia
Pasiphae,508,Jupiter,5,2451545,23463200,0.412,172.8,279.3,148.3,315.7,63454018,0,18,0.0066743,86400,TRUE,TerrestrialBody,Pasiphae
Sinope,509,Jupiter,5,2451545,23679300,0.262,354.3,157.4,157.3,308,64333017,0,14,0.001468346,47376,TRUE,TerrestrialBody,Pasiphae
Lysithea,510,Jupiter,5,2451545,11699100,0.117,48.3,328.5,27.7,9.2,22334702,0,21,0.002602977,46008,FALSE,TerrestrialBody,Himalia
Carme,511,Jupiter,5,2451545,23139200,0.261,6.5,259.5,164.6,115.5,62145844,0,23.4,0.003604122,37440,TRUE,TerrestrialBody,Carme
Ananke,512,Jupiter,5,2451545,21029500,0.238,78.8,271.7,147.6,13.7,53836678,0,14.5,0.000867659,29916,TRUE,TerrestrialBody,Ananke
Leda,513,Jupiter,5,2451545,11145200,0.162,271.3,232.6,28.2,216.9,20764201,0,10.7,0.0003470636,86400,FALSE,TerrestrialBody,Himalia
Callirrhoe,517,Jupiter,5,2451545,23789400,0.29,13.5,117.9,144.9,278.2,64781942,0,4.8,0.00003070178,35640,FALSE,TerrestrialBody,Pasiphae
Themisto,518,Jupiter,5,2451545,7397000,0.257,236.3,289.1,44.3,202.7,11229244,0,4.5,0.00002536234,86400,FALSE,TerrestrialBody,Themisto
Magaclite,519,Jupiter,5,2451545,23640100,0.421,309.9,116.1,149.9,292.2,64175458,0,3,0.000004338295,35640,FALSE,TerrestrialBody,Pasiphae
Taygete,520,Jupiter,5,2451545,23103400,0.257,207.7,116.5,164.7,300.8,61999923,0,2.5,0.000004338295,86400,FALSE,TerrestrialBody,Carme
Chaldene,521,Jupiter,5,2451545,22926300,0.261,231.6,275.3,164.7,134.5,61288920,0,2,0.000002269262,86400,FALSE,TerrestrialBody,Carme
Harpalyke,522,Jupiter,5,2451545,20887500,0.239,104.3,255.4,147.8,35.6,53290077,0,2,0.000002269262,86400,FALSE,TerrestrialBody,Ananke
Kalyke,523,Jupiter,5,2451545,23298000,0.261,240.5,224.9,164.7,37.7,62786940,0,3.5,0.00001134631,86400,FALSE,TerrestrialBody,Carme
Iocaste,524,Jupiter,5,2451545,21062300,0.223,91.4,182,148.7,268.9,53960939,0,2,0.000002269262,86400,FALSE,TerrestrialBody,Ananke
Erinome,525,Jupiter,5,2451545,23027200,0.272,359.9,273.1,164.3,311.2,61694283,0,1.5,0.000000934402,86400,FALSE,TerrestrialBody,Carme
Isonoe,526,Jupiter,5,2451545,22976300,0.249,131,116.3,164.9,134.1,61487459,0,2,0.000002269262,86400,FALSE,TerrestrialBody,Carme
Praxidike,527,Jupiter,5,2451545,20931100,0.245,182.5,128,148.2,281.3,53457659,0,3.5,0.00001201374,86400,FALSE,TerrestrialBody,Ananke
Autonoe,528,Jupiter,5,2451545,23785200,0.326,61.2,134,150.7,264.8,64766278,0,2,0.000002269262,86400,FALSE,TerrestrialBody,Pasiphae
Thyone,529,Jupiter,5,2451545,20972700,0.235,105.1,242.5,147.6,240.8,53618760,0,2,0.000002269262,86400,FALSE,TerrestrialBody,Ananke
Hermippe,530,Jupiter,5,2451545,21103600,0.22,277.2,158.6,150.2,330.3,54119223,0,2,0.000002269262,86400,FALSE,TerrestrialBody,Ananke
Aitne,531,Jupiter,5,2451545,23059400,0.273,72.2,120.6,164.5,358.4,61822621,0,1.5,0.000000934402,86400,FALSE,TerrestrialBody,Carme
Eurydome,532,Jupiter,5,2451545,22894500,0.287,223.4,281.8,148.9,297.7,61158836,0,1.5,0.000000934402,86400,FALSE,TerrestrialBody,Pasiphae
Euanthe,533,Jupiter,5,2451545,20822900,0.243,312.4,353.5,148.1,265.2,53043362,0,1.5,0.000000934402,86400,FALSE,TerrestrialBody,Ananke
Euporie,534,Jupiter,5,2451545,19261900,0.148,109.5,56.4,145.5,63.4,47189762,0,1,0.0000002803206,86400,FALSE,TerrestrialBody,Ananke
Orthosie,535,Jupiter,5,2451545,20897800,0.294,244.7,161.1,144.2,212.4,53329078,0,1,0.0000002803206,86400,FALSE,TerrestrialBody,Ananke
Sponde,536,Jupiter,5,2451545,23538700,0.323,56.6,177.4,149.4,109.3,63759243,0,1,0.0000002803206,86400,FALSE,TerrestrialBody,Pasiphae
Kale,537,Jupiter,5,2451545,23047800,0.262,69.2,175.9,164.6,56.7,61777382,0,1,0.0000002803206,86400,FALSE,TerrestrialBody,Carme
Pasithee,538,Jupiter,5,2451545,22840800,0.274,207.9,237.8,164.5,318,60947338,0,1,0.0000002803206,86400,FALSE,TerrestrialBody,Carme
Hegemone,539,Jupiter,5,2451545,23342600,0.357,192.2,241.1,152.5,311.5,62966100,0,1.5,0.0000000934402,86400,FALSE,TerrestrialBody,Pasiphae
Mneme,540,Jupiter,5,2451545,20815800,0.24,50.1,236.1,147.8,0.9,53015939,0,1,0.0000002803206,86400,FALSE,TerrestrialBody,Ananke
Aoede,541,Jupiter,5,2451545,23773100,0.437,43.1,207.6,155.7,156.5,64719717,0,2,0.000002269262,86400,FALSE,TerrestrialBody,Pasiphae
Thelxinoe,542,Jupiter,5,2451545,20972300,0.229,307,275.1,150.7,174.9,53615157,0,1,0.000002803206,86400,FALSE,TerrestrialBody,Ananke
Arche,543,Jupiter,5,2451545,23093200,0.263,172.5,34,164.5,333.3,61957924,0,1.5,0.000000934402,86400,FALSE,TerrestrialBody,Carme
Kallichore,544,Jupiter,5,2451545,23017100,0.253,352.6,66.8,164.7,23.9,61654444,0,1,0.0000002803206,86400,FALSE,TerrestrialBody,Carme
Helike,545,Jupiter,5,2451545,20911400,0.155,305.1,45.8,154.4,94.6,53383320,0,2,0.000002269262,86400,FALSE,TerrestrialBody,Ananke
Carpo,546,Jupiter,5,2451545,17039500,0.415,90.5,336.6,53.3,52.1,39260160,0,1.5,0.000000934402,86400,FALSE,TerrestrialBody,Carpo
Eukelade,547,Jupiter,5,2451545,23062400,0.274,290.1,234.2,164.7,200.4,61835340,0,2,0.000002269262,86400,FALSE,TerrestrialBody,Carme
Cyllene,548,Jupiter,5,2451545,23650000,0.421,174.6,153.3,146.8,253.6,64213016,0,1,0.0000002803206,86400,FALSE,TerrestrialBody,Pasiphae
Kore,549,Jupiter,5,2451545,24203300,0.338,135.3,40.6,141.7,324.2,66478139,0,1,0.0000002803206,86400,FALSE,TerrestrialBody,Pasiphae
Herse,550,Jupiter,5,2451545,23146700,0.258,344.1,123.1,164.4,299.5,62175721,0,1,0.0000002803206,86400,FALSE,TerrestrialBody,Carme
S2010_J_1,551,Jupiter,5,2451545,23185600,0.256,175.6,183.4,164.5,284.7,62331180,0,1,0.0000002803206,86400,FALSE,TerrestrialBody,Carme
S2010_J_2,552,Jupiter,5,2451545,20786900,0.244,28.8,292.5,148,357.3,52907100,0,0.5,0.00000003470636,86400,FALSE,TerrestrialBody,Ananke
Dia,553,Jupiter,5,2451545,12257900,0.232,164.1,320.9,29.1,293.9,23954158,0,2,0.000002269262,86400,FALSE,TerrestrialBody,Himalia
S2016_J_1,554,Jupiter,5,2451545,20796700,0.245,298.5,215.3,145.1,247.7,52944296,0,0.5,0.00000003470636,86400,FALSE,TerrestrialBody,Ananke
S2003_J_18,555,Jupiter,5,2451545,20332800,0.102,86.2,252.5,145.7,166.8,51177597,0,1,0.0000002803206,86400,FALSE,TerrestrialBody,Ananke
S2011_J_2,556,Jupiter,5,2451545,22903400,0.358,262.9,297.6,151.7,24.9,61196524,0,0.5,0.00000003470636,86400,FALSE,TerrestrialBody,Pasiphae
Eirene,557,Jupiter,5,2451545,23051300,0.263,86.4,336.7,164.7,180,61792502,0,2,0.000002269262,86400,FALSE,TerrestrialBody,Carme
Philophrosyne,558,Jupiter,5,2451545,22600200,0.221,0.9,88.9,146.1,234.3,59979243,0,1,0.0000002803206,86400,FALSE,TerrestrialBody,Carme
S2017_J_1,559,Jupiter,5,2451545,23739600,0.321,74.7,250.1,145.6,251.8,64578660,0,1,0.0000002803206,86400,FALSE,TerrestrialBody,Pasiphae
Eupheme,560,Jupiter,5,2451545,20763400,0.234,73.6,339.8,147.9,227.5,52817702,0,1,0.0000002803206,86400,FALSE,TerrestrialBody,Ananke
S2003_J_19,561,Jupiter,5,2451545,23153100,0.264,186.8,196.9,164.6,21.9,62201278,0,1,0.0000002803206,86400,FALSE,TerrestrialBody,Carme
Valetudo,562,Jupiter,5,2451545,18690100,0.217,316.3,90.5,34.5,291.2,45107220,0,0.5,0.00000003470636,86400,FALSE,TerrestrialBody,Valetudo
S2017_J_2,563,Jupiter,5,2451545,22949600,0.27,153,278.2,164.5,359.4,61380357,0,1,0.0000002803206,86400,FALSE,TerrestrialBody,Carme
S2017_J_3,564,Jupiter,5,2451545,20936500,0.238,105.7,235.4,147.9,27.9,53478602,0,1,0.0000002803206,86400,FALSE,TerrestrialBody,Ananke
Pandia,565,Jupiter,5,2451545,11479600,0.178,188.7,158.5,28.9,249.8,21706436,0,1.5,0.000000934402,86400,FALSE,TerrestrialBody,Himalia
S2017_J_5,566,Jupiter,5,2451545,23202000,0.261,292.5,69.3,164.7,42.3,62397838,0,1,0.0000002803206,86400,FALSE,TerrestrialBody,Carme
S2017_J_6,567,Jupiter,5,2451545,23251200,0.333,15.5,146,149.6,312.8,62594104,0,1,0.0000002803206,86400,FALSE,TerrestrialBody,Pasiphae
S2017_J_7,568,Jupiter,5,2451545,20960400,0.235,288.7,353,147.4,264.9,53569443,0,1,0.0000002803206,86400,FALSE,TerrestrialBody,Ananke
S2017_J_8,569,Jupiter,5,2451545,22819600,0.259,330.5,349.4,164.8,97.3,60861724,0,0.5,0.00000003470636,86400,FALSE,TerrestrialBody,Carme
S2017_J_9,570,Jupiter,5,2451545,21764200,0.197,276.4,243.3,155.4,245.3,56682539,0,1.5,0.000000934402,86400,FALSE,TerrestrialBody,Ananke
Ersa,571,Jupiter,5,2451545,11399400,0.117,300.7,270.8,29,113.7,21480362,0,1.5,0.000000934402,86400,FALSE,TerrestrialBody,Himalia
S2011_J_1,572,Jupiter,5,2451545,23120800,0.269,50.4,225.4,164.7,253.5,62071082,0,1,0.0000002803206,86400,FALSE,TerrestrialBody,Carme
S2003_J_2,55501,Jupiter,5,2451545,20992900,0.225,170.6,42.3,150.1,348.4,53695138,0,1,0.0000002803206,86400,FALSE,TerrestrialBody,Ananke
S2003_J_4,55502,Jupiter,5,2451545,22922300,0.327,208.8,216.5,148.3,175.4,61268219,0,1,0.0000002803206,86400,FALSE,TerrestrialBody,Pasiphae
S2003_J_9,55503,Jupiter,5,2451545,23195100,0.268,288.4,359.8,164.7,46.3,62370363,0,0.5,0.00000003470636,86400,FALSE,TerrestrialBody,Carme
S2003_J_10,55504,Jupiter,5,2451545,23384400,0.257,187.6,272.8,164.6,155.7,63135720,0,1,0.0000002803206,86400,FALSE,TerrestrialBody,Carme
S2003_J_12,55505,Jupiter,5,2451545,20959300,0.235,66.1,160.7,150,54.1,53564639,0,0.5,0.00000003470636,86400,FALSE,TerrestrialBody,Ananke
S2003_J_16,55506,Jupiter,5,2451545,20877500,0.238,55.6,298.2,147.8,5.3,53252156,0,1,0.0000002803206,86400,FALSE,TerrestrialBody,Ananke
S2003_J_23,55507,Jupiter,5,2451545,23824000,0.306,256.6,140.6,144.4,30.9,64920900,0,1,0.0000002803206,86400,FALSE,TerrestrialBody,Pasiphae
S2003_J_24,55508,Jupiter,5,2451545,22882400,0.263,84.1,121.6,164.6,208.7,61113718,0,1,0.0000002803206,86400,FALSE,TerrestrialBody,Carme
S2011_J_3,55509,Jupiter,5,2451545,11716800,0.192,134.7,359.4,27.6,123.3,22385160,0,1.5,0.000000934402,86400,FALSE,TerrestrialBody,Himalia
S2018_J_2,55510,Jupiter,5,2451545,11419700,0.152,288.6,115.5,28.3,91.8,21537360,0,1.5,0.000000934402,86400,FALSE,TerrestrialBody,Himalia
S2018_J_3,55511,Jupiter,5,2451545,23400200,0.268,177.5,279,164.9,135.7,63200520,0,0.5,0.00000003470636,86400,FALSE,TerrestrialBody,Carme
S2021_J_1,55512,Jupiter,5,2451545,20954700,0.228,20.6,129.1,150.5,241.1,53548016,0,0.5,0.00000003470636,86400,FALSE,TerrestrialBody,Ananke
S2021_J_2,55513,Jupiter,5,2451545,20926600,0.242,25.9,110.8,148.1,269.5,53438642,0,0.5,0.00000003470636,86400,FALSE,TerrestrialBody,Ananke
S2021_J_3,55514,Jupiter,5,2451545,20776600,0.239,218.6,167.9,147.9,141.7,52865879,0,1,0.0000002803206,86400,FALSE,TerrestrialBody,Ananke
S2021_J_4,55515,Jupiter,5,2451545,23019700,0.265,140.5,218.9,164.6,129.9,61664164,0,0.5,0.00000003470636,86400,FALSE,TerrestrialBody,Carme
S2021_J_5,55516,Jupiter,5,2451545,23414600,0.272,273.4,236.5,164.9,154.4,63258002,0,1,0.0000002803206,86400,FALSE,TerrestrialBody,Carme
S2021_J_6,55517,Jupiter,5,2451545,22870400,0.271,146.2,208.5,164.9,87.2,61064522,0,0.5,0.00000003470636,86400,FALSE,TerrestrialBody,Carme
S2016_J_3,55518,Jupiter,5,2451545,22719300,0.251,94.7,59.1,164.6,36.8,60459117,0,1,0.0000002803206,86400,FALSE,TerrestrialBody,Carme
S2016_J_4,55519,Jupiter,5,2451545,23113900,0.294,249.4,217.5,147.1,203.2,62038500,0,0.5,0.00000003470636,86400,FALSE,TerrestrialBody,Pasiphae
S2018_J_4,55520,Jupiter,5,2451545,16328500,0.177,285,138.3,50.2,52.1,36829261,0,1,0.0000002803206,86400,FALSE,TerrestrialBody,Carpo
S2022_J_1,55521,Jupiter,5,2451545,22744700,0.257,232.4,42.2,164.5,310.9,60560637,0,0.5,0.00000003470636,86400,FALSE,TerrestrialBody,Carme
S2022_J_2,55522,Jupiter,5,2451545,23073400,0.263,357,98.9,164.7,47.7,61880579,0,0.5,0.00000003470636,86400,FALSE,TerrestrialBody,Carme
S2022_J_3,55523,Jupiter,5,2451545,21015100,0.248,351.6,271.7,148.1,233.1,53778479,0,0.5,0.00000003470636,86400,FALSE,TerrestrialBody,Ananke
S2017_J_10,55525,Jupiter,5,2451545,21075800,0.209,195.3,157.7,145.1,329.6,54012900,0,0.5,0.00000003470636,86400,FALSE,TerrestrialBody,Ananke
S2017_J_11,55526,Jupiter,5,2451545,22991300,0.268,25.5,236.9,164.8,134.9,61549857,0,0.5,0.00000003470636,86400,FALSE,TerrestrialBody,Carme
Mimas,601,Saturn,6,2451545,186000,0.02,160.4,275.3,1.6,66.2,81425,0,198.8,2.50349,0,FALSE,TerrestrialBody,Major
Enceladus,602,Saturn,6,2451545,238400,0.005,119.5,57,0,0,118387,0,252.3,7.210367,0,FALSE,TerrestrialBody,Major
Tethys,603,Saturn,6,2451545,295000,0.001,335.3,0,1.1,273,163106,0,531.1,41.21353,0,FALSE,TerrestrialBody,Major
Dione,604,Saturn,6,2451545,377700,0.002,116,212,0,0,236470,0,561.4,73.11607,0,FALSE,TerrestrialBody,Major
Rhea,605,Saturn,6,2451545,527200,0.001,44.3,31.5,0.3,133.7,390312,0,763.5,153.941175,0,FALSE,TerrestrialBody,Major
Titan,606,Saturn,6,2451545,1221900,0.029,78.3,11.7,0.3,78.6,1377687,0.6,2574.76,8978.1371,0,FALSE,AtmosphericBody,Major
Hyperion,607,Saturn,6,2451545,1481500,0.105,214,122.9,0.6,87.1,1838303,0.1,135,0.37049,1123200,FALSE,TerrestrialBody,Irregular
Iapetus,608,Saturn,6,2451545,3561700,0.028,254.5,74.8,7.6,86.5,6854199,14.8,734.3,120.51511,0,FALSE,TerrestrialBody,Major
Phoebe,609,Saturn,6,2451545,12929400,0.164,240.3,308,175.2,192.7,47546258,26.7,106.5,0.55479,33480,TRUE,TerrestrialBody,Norse
Janus,610,Saturn,6,2451545,151500,0.007,11.1,111.7,0.2,159.9,60251,0,89.2,0.12662,0,FALSE,TerrestrialBody,Irregular
Epimetheus,611,Saturn,6,2451545,151400,0.02,96.3,197.2,0.3,189.8,60222,0,58.2,0.03514,0,FALSE,TerrestrialBody,Irregular
Helene,612,Saturn,6,2451545,377600,0.007,194.3,-64.5,0.2,260.8,236470,0,18,0.00048,0,FALSE,TerrestrialBody,Irregular
Telesto,613,Saturn,6,2451545,295000,0.001,66.2,360,1.2,242.1,163106,0,12.6,0.00048,0,FALSE,TerrestrialBody,Irregular
Calypso,614,Saturn,6,2451545,295000,0.001,221.6,0,1.5,326.6,163106,0,10.3,0.0003597,0,FALSE,TerrestrialBody,Irregular
Atlas,615,Saturn,6,2451545,137700,0.001,82.3,289.1,0,0,52238,0,15.1,0.00037,0,FALSE,TerrestrialBody,Irregular
Prometheus,616,Saturn,6,2451545,139400,0.002,341.9,135.4,0,0,53212,0,43.1,0.01071,0,FALSE,TerrestrialBody,Irregular
Pandora,617,Saturn,6,2451545,141700,0.004,217.9,123.9,0,0,54550,0,40.6,0.00926,0,FALSE,TerrestrialBody,Irregular
Pan,618,Saturn,6,2451545,133600,0,0,146.6,0,0,49684,0,14,0.0002869949,0,FALSE,TerrestrialBody,Irregular
Ymir,619,Saturn,6,2451545,22955600,0.338,45.3,167.5,172.3,204.5,112206116,0,8.5,0.0003737608,42919,FALSE,TerrestrialBody,Norse
Paaliaq,620,Saturn,6,2451545,14997700,0.378,237.6,318.2,48.5,353.2,59245802,0,12.5,0.000934402,67644,FALSE,TerrestrialBody,Inuit
Tarvos,621,Saturn,6,2451545,18216600,0.522,282.9,64.5,37.8,95.7,79313818,0,7.2,0.0001401603,38376,FALSE,TerrestrialBody,Gallic
Ijiraq,622,Saturn,6,2451545,11344700,0.293,68.6,83.4,49.2,152.5,38976777,0,6.5,0.0001201374,46908,FALSE,TerrestrialBody,Inuit
Suttungr,623,Saturn,6,2451545,19391900,0.116,65,171,175.7,253.2,87112377,0,3.5,0.00001802061,27612,FALSE,TerrestrialBody,Norse
Kiviuq,624,Saturn,6,2451545,11307400,0.275,91.8,183.2,48,352.7,38785617,0,8.5,0.0002402748,78552,FALSE,TerrestrialBody,Inuit
Mundilfari,625,Saturn,6,2451545,18588200,0.211,305.4,299,167.1,79.2,81759482,0,3.5,0.00001802061,24264,FALSE,TerrestrialBody,Norse
Albiorix,626,Saturn,6,2451545,16329200,0.482,62.8,155,36.8,111.1,67311657,0,14.3,0.000800916,47988,FALSE,TerrestrialBody,Gallic
Skathi,627,Saturn,6,2451545,15575400,0.281,202.3,269.3,151.6,284.1,62703184,0,4,0.00002536234,39960,FALSE,TerrestrialBody,Norse
Erriapus,628,Saturn,6,2451545,17506900,0.475,279.8,14.3,37.1,146.2,74729399,0,5,0.00006340585,101340,FALSE,TerrestrialBody,Gallic
Siarnaq,629,Saturn,6,2451545,17881100,0.308,68.4,62.7,47.8,64,77127543,0,19.7,0.002135776,36673,FALSE,TerrestrialBody,Inuit
Thrymr,630,Saturn,6,2451545,20330500,0.467,92.2,216.2,175,247.3,93504603,0,4,0.00002536234,139644,FALSE,TerrestrialBody,Norse
Narvi,631,Saturn,6,2451545,19285000,0.441,177.9,111.5,142.2,179,86394963,0,3.5,0.00001802061,36756,FALSE,TerrestrialBody,Norsee
Methone,632,Saturn,6,2451545,194700,0.002,315.5,0,0,0,87225,0,1.5,0.00000026163256,0,FALSE,TerrestrialBody,Irregular
Pallene,633,Saturn,6,2451545,212300,0.004,194.9,2,0.2,304.3,99883,0,2.2,0.00001535089,0,FALSE,TerrestrialBody,Irregular
Polydeuces,634,Saturn,6,2451545,377600,0.019,94.1,359,0.2,167.5,236470,0,1.3,0.0000005005725,0,FALSE,TerrestrialBody,Irregular
Daphnis,635,Saturn,6,2451545,136500,0,0,153.6,0,0,51329,0,3.8,0.000004538524,0,FALSE,TerrestrialBody,Irregular
Aegir,636,Saturn,6,2451545,20664400,0.255,244.7,23.5,166.1,181.9,95828642,0,3,0.00004338295,38160,FALSE,TerrestrialBody,Norse
Bebhionn,637,Saturn,6,2451545,17027300,0.459,5.1,128.4,38.6,197.7,71681216,0,3,0.00001201374,58788,FALSE,TerrestrialBody,Gallic
Bergelmir,638,Saturn,6,2451545,19268100,0.145,133.9,255.7,158.8,207.9,86280656,0,2.5,0.00000734173,29268,FALSE,TerrestrialBody,Norse
Bestla,639,Saturn,6,2451545,20337800,0.486,85.6,33.1,138.3,283,93566396,0,3.5,0.00001802061,52632,FALSE,TerrestrialBody,Norse
Farbauti,640,Saturn,6,2451545,20290700,0.249,343.6,9,156.2,138,93236340,0,3.5,0.000004338295,38160,FALSE,TerrestrialBody,Norse
Fenrir,641,Saturn,6,2451545,22330800,0.137,114.5,38.6,164.5,234.6,107647618,0,2,0.000002269262,38160,FALSE,TerrestrialBody,Norse
Fornjot,642,Saturn,6,2451545,24936800,0.213,321.9,53.5,170,269.3,127039260,0,3,0.00000734173,29520,FALSE,TerrestrialBody,Norse
Hati,643,Saturn,6,2451545,19695000,0.372,10.4,270.6,165.4,316.3,89166839,0,2.5,0.00000734173,19620,FALSE,TerrestrialBody,Norse
Hyrrokkin,644,Saturn,6,2451545,18340900,0.336,264.8,214.8,149.9,40.2,80132276,0,4,0.00002536234,45936,FALSE,TerrestrialBody,Norse
Kari,645,Saturn,6,2451545,22032100,0.469,160.2,83.1,153,288.3,105492300,0,3,0.00001802061,27720,FALSE,TerrestrialBody,Norse
Loge,646,Saturn,6,2451545,22919200,0.191,20.5,32.1,168.1,333,111933300,0,2.5,0.00000734173,24840,FALSE,TerrestrialBody,Norse
Skoll,647,Saturn,6,2451545,17623400,0.463,186.1,181.2,159.4,294,75476759,0,2.5,0.00000734173,26136,FALSE,TerrestrialBody,Norse
Surtur,648,Saturn,6,2451545,22748000,0.448,314.4,9.9,168.4,255.3,110690461,0,3,0.000004338295,38160,FALSE,TerrestrialBody,Norse
Anthe,649,Saturn,6,2451545,198100,0.002,293.4,351.4,0,0,89761,0,0.9,0.0000001001145,0,FALSE,TerrestrialBody,Irregular
Jarnsaxa,650,Saturn,6,2451545,19273500,0.218,229.2,175.5,163,9.2,86324581,0,3,0.000004338295,38160,FALSE,TerrestrialBody,Norse
Greip,651,Saturn,6,2451545,18380000,0.317,146.2,355.9,174.2,335.8,80389921,0,2.5,0.00000734173,45900,FALSE,TerrestrialBody,Norse
Tarqeq,652,Saturn,6,2451545,17751000,0.144,72.2,292.8,48.7,93.3,76278361,0,3.5,0.00001201374,274068,FALSE,TerrestrialBody,Inuit
Aegaeon,653,Saturn,6,2451545,167500,0,0,4.4,0,0,69821,0,0.38,0.0000000052193026,0,FALSE,TerrestrialBody,Irregular
Gridr,654,Saturn,6,2451545,19250600,0.187,271.4,197,163.9,330.8,86169476,0,2,0.000004338295,38160,FALSE,TerrestrialBody,Norse
Angrboda,655,Saturn,6,2451545,20591500,0.216,104.2,263,177.7,279.1,95316359,0,2,0.000002269262,38160,FALSE,TerrestrialBody,Norse
Skrymir,656,Saturn,6,2451545,21447400,0.437,68.1,68.9,175.6,177.7,101323138,0,2,0.000004338295,38160,FALSE,TerrestrialBody,Norse
Gerd,657,Saturn,6,2451545,20947500,0.517,307.2,49.5,174.4,260.4,97796696,0,2,0.000002269262,0,FALSE,TerrestrialBody,Norse
Eggther,659,Saturn,6,2451545,19844600,0.157,130.1,111.7,165,84.5,90184622,0,3,0.00000734173,38160,FALSE,TerrestrialBody,Norse
Beli,661,Saturn,6,2451545,20703700,0.087,263.5,191.7,158.9,258.7,96100016,0,2,0.000002269262,19800,FALSE,TerrestrialBody,Norse
Gunnlod,662,Saturn,6,2451545,21141800,0.251,24.7,311.4,160.4,293.3,99164339,0,2,0.000004338295,38160,FALSE,TerrestrialBody,Norse
Thiazzi,663,Saturn,6,2451545,23577500,0.511,303.2,334.7,158.8,73.1,116798276,0,2,0.000002269262,38160,FALSE,TerrestrialBody,Norse
Alvaldi,665,Saturn,6,2451545,21993800,0.238,188.1,38.3,177.4,321.8,105218283,0,3,0.000004338295,38160,FALSE,TerrestrialBody,Norse
Geirrod,666,Saturn,6,2451545,22259400,0.539,349.6,202.2,154.4,127.9,107140018,0,2,0.000002269262,38160,FALSE,TerrestrialBody,Norse
S2004_S_07,65085,Saturn,6,2451545,21327600,0.511,54.9,116.9,164.8,323.8,100476841,0,2.5,0.000004338295,38160,FALSE,TerrestrialBody,Norse
S2004_S_12,65086,Saturn,6,2451545,19801000,0.337,88.1,10.9,164.7,306,89889661,0,2,0.000002269262,38160,FALSE,TerrestrialBody,Norse
S2004_S_13,65087,Saturn,6,2451545,18453700,0.265,355.4,51.9,169,217.8,80878081,0,2,0.000002269262,38160,FALSE,TerrestrialBody,Norse
S2004_S_17,65088,Saturn,6,2451545,19699000,0.162,184.5,227.6,167.9,12.5,89196716,0,2,0.000002269262,38160,FALSE,TerrestrialBody,Norse
S2004_S_21,65079,Saturn,6,2451545,23160900,0.394,174.9,198.7,153.2,112.3,113712483,0,2,0.000002269262,38160,FALSE,TerrestrialBody,Norse
S2004_S_24,65070,Saturn,6,2451545,23338200,0.071,338.4,122.1,37.4,354,115026238,0,2,0.000002269262,38160,FALSE,TerrestrialBody,Gallic
S2004_S_28,65077,Saturn,6,2451545,21865900,0.159,191.9,95.8,167.9,128.8,104300637,0,2.5,0.000004338295,38160,FALSE,TerrestrialBody,Norse
S2004_S_26,658,Saturn,6,2451545,26097500,0.147,148.4,193.6,172.9,328.8,136015502,0,2.5,0.000004338295,38160,FALSE,TerrestrialBody,Norse
S2004_S_29,660,Saturn,6,2451545,17063900,0.485,309.5,244.1,38.6,157.9,71908439,0,2.5,0.000004338295,38160,FALSE,TerrestrialBody,Gallic
S2004_S_31,65067,Saturn,6,2451545,17497100,0.159,253.9,261.8,48,82.5,74642939,0,2.5,0.000004338295,38160,FALSE,TerrestrialBody,Inuit
S2004_S_34,664,Saturn,6,2451545,24145800,0.279,354.5,160,168.3,292.6,121040343,0,2,0.000002269262,38160,FALSE,TerrestrialBody,Norse
S2004_S_36,65081,Saturn,6,2451545,23390800,0.625,213.4,132,153.3,212.7,115413483,0,2,0.000002269262,38160,FALSE,TerrestrialBody,Norse
S2004_S_37,65082,Saturn,6,2451545,15956300,0.448,72.4,187.6,158.2,135.3,65020018,0,2,0.000002269262,38160,FALSE,TerrestrialBody,Norse
S2004_S_39,65084,Saturn,6,2451545,23192400,0.1,223.3,83.8,165.9,168.9,113939283,0,2,0.000002269262,38160,FALSE,TerrestrialBody,Norse
S2004_S_40,65098,Saturn,6,2451545,16075600,0.297,127.5,291.4,169.2,37.9,65750340,0,2,0.000002269262,38160,FALSE,TerrestrialBody,Norse
S2004_S_41,65104,Saturn,6,2451545,18095400,0.301,232.6,343.6,165.7,43.6,78528303,0,2,0.000002269262,38160,FALSE,TerrestrialBody,Norse
S2004_S_42,65108,Saturn,6,2451545,18240700,0.158,107.2,325.2,165.7,3.9,79478038,0,2,0.000002269262,38160,FALSE,TerrestrialBody,Norse
S2004_S_43,65111,Saturn,6,2451545,18935700,0.432,234,14.5,171.1,191.9,84054482,0,2,0.000002269262,38160,FALSE,TerrestrialBody,Norse
S2004_S_44,65112,Saturn,6,2451545,19515400,0.129,176.4,292.8,167.7,39.5,87947821,0,2.5,0.000004338295,38160,FALSE,TerrestrialBody,Norse
S2004_S_45,65113,Saturn,6,2451545,19693700,0.551,350.6,75.7,154,306,89152739,0,2,0.000002269262,38160,FALSE,TerrestrialBody,Norse
S2004_S_46,65121,Saturn,6,2451545,20513800,0.249,298.1,209.2,177.2,281.1,94779780,0,1.5,0.000000934402,38160,FALSE,TerrestrialBody,Norse
S2004_S_47,65123,Saturn,6,2451545,16050700,0.291,295.4,25.2,160.9,294.8,65596617,0,2,0.000002269262,38160,FALSE,TerrestrialBody,Norse
S2004_S_48,65139,Saturn,6,2451545,22137400,0.374,286.6,195,161.9,194.7,106260180,0,2,0.000002269262,38160,FALSE,TerrestrialBody,Norse
S2004_S_49,65141,Saturn,6,2451545,22399400,0.453,199,19.2,159.8,221.2,108145558,0,2,0.000002269262,38160,FALSE,TerrestrialBody,Norse
S2004_S_50,65142,Saturn,6,2451545,22345000,0.45,197.8,71.5,164,175.9,107757363,0,1.5,0.000000934402,38160,FALSE,TerrestrialBody,Norse
S2004_S_51,65150,Saturn,6,2451545,25207100,0.201,73.4,85.1,171.2,293.7,129116817,0,2,0.000002269262,38160,FALSE,TerrestrialBody,Norse
S2004_S_52,65152,Saturn,6,2451545,26446400,0.291,292.6,333,165.4,204.7,138748620,0,1.5,0.000000934402,38160,FALSE,TerrestrialBody,Norse
S2004_S_53,65154,Saturn,6,2451545,23279800,0.24,284.3,37.3,162.6,215.7,114582298,0,2,0.000002269262,38160,FALSE,TerrestrialBody,Norse
S2004_S_54,65158,Saturn,6,2451545,11277500,0.373,108.4,69.3,48.1,80.2,38632982,0,2,0.000002269262,38160,FALSE,TerrestrialBody,Inuit
S2004_S_55,65159,Saturn,6,2451545,11294700,0.26,80,59.6,48.9,196.6,38721180,0,1.5,0.000000934402,38160,FALSE,TerrestrialBody,Inuit
S2004_S_56,65160,Saturn,6,2451545,13670200,0.339,96.4,165.7,161.6,343.2,51554344,0,2.5,0.000004338295,38160,FALSE,TerrestrialBody,Norse
S2004_S_57,65161,Saturn,6,2451545,18150500,0.263,60.9,202.7,167.9,39.1,78889559,0,2,0.000002269262,38160,FALSE,TerrestrialBody,Norse
S2004_S_58,65162,Saturn,6,2451545,18254500,0.249,120,180.1,45.7,284.5,79557422,0,2.5,0.000004338295,38160,FALSE,TerrestrialBody,Inuit
S2004_S_59,65163,Saturn,6,2451545,19170700,0.262,222.1,282.6,167.3,125.2,85638116,0,1.5,0.000000934402,38160,FALSE,TerrestrialBody,Norse
S2004_S_60,65164,Saturn,6,2451545,19517000,0.28,264.3,357.6,173.8,321.7,87966302,0,1.5,0.000000934402,38160,FALSE,TerrestrialBody,Norse
S2004_S_61,65165,Saturn,6,2451545,20986900,0.466,40.4,175.6,168.4,176.4,98069581,0,2,0.000002269262,38160,FALSE,TerrestrialBody,Norse
S2005_S_04,65129,Saturn,6,2451545,11324500,0.315,107.1,247.1,48,169.4,38873520,0,2.5,0.000004338295,38160,FALSE,TerrestrialBody,Inuit
S2005_S_05,65135,Saturn,6,2451545,21364900,0.588,284.6,9.9,169.5,84.7,100738616,0,1.5,0.000000934402,38160,FALSE,TerrestrialBody,Norse
S2005_S_06,65166,Saturn,6,2451545,18107300,0.084,77.4,163.4,47.7,166.5,78587582,0,2,0.000002269262,38160,FALSE,TerrestrialBody,Inuit
S2005_S_07,65167,Saturn,6,2451545,18502500,0.565,132.7,181.1,34.6,269.8,81193977,0,1.5,0.000000934402,38160,FALSE,TerrestrialBody,Gallic
S2006_S_01,65089,Saturn,6,2451545,18746300,0.105,159.7,86.3,156.1,333.6,82799159,0,2.5,0.000004338295,38160,FALSE,TerrestrialBody,Norse
S2006_S_03,65090,Saturn,6,2451545,21353100,0.432,191.6,125.3,156.1,213.3,100657676,0,2.5,0.000004338295,38160,FALSE,TerrestrialBody,Norse
S2006_S_09,65100,Saturn,6,2451545,14406700,0.249,341.9,65.2,173,36,55777861,0,1.5,0.000000934402,38160,FALSE,TerrestrialBody,Norse
S2006_S_10,65109,Saturn,6,2451545,18979900,0.151,79.7,173.5,161.6,350.8,84356104,0,1.5,0.000000934402,38160,FALSE,TerrestrialBody,Norse
S2006_S_11,65114,Saturn,6,2451545,19711900,0.143,159.9,353.1,174.1,254.4,89281621,0,1.5,0.000000934402,38160,FALSE,TerrestrialBody,Norse
S2006_S_12,65115,Saturn,6,2451545,19570300,0.542,78.1,249.6,38.6,155.1,88325580,0,2,0.000002269262,38160,FALSE,TerrestrialBody,Gallic
S2006_S_13,65117,Saturn,6,2451545,19953300,0.313,254.7,248.5,162,44.4,90920102,0,2,0.000002269262,38160,FALSE,TerrestrialBody,Norse
S2006_S_14,65125,Saturn,6,2451545,21062300,0.06,136.1,264.7,166.7,274.4,98605797,0,1.5,0.000000934402,38160,FALSE,TerrestrialBody,Norse
S2006_S_15,65136,Saturn,6,2451545,21799600,0.117,224.8,313.6,161.1,12.2,103826223,0,2,0.000002269262,38160,FALSE,TerrestrialBody,Norse
S2006_S_16,65137,Saturn,6,2451545,21721200,0.204,282.9,62.5,164.1,165.4,103259102,0,1.5,0.000000934402,38160,FALSE,TerrestrialBody,Norse
S2006_S_17,65138,Saturn,6,2451545,22384200,0.425,149.4,206.6,168.7,274.1,108040081,0,2,0.000002269262,38160,FALSE,TerrestrialBody,Norse
S2006_S_18,65143,Saturn,6,2451545,22760600,0.131,62.5,14.5,169.5,47.6,110772723,0,2,0.000002269262,38160,FALSE,TerrestrialBody,Norse
S2006_S_19,65149,Saturn,6,2451545,23800500,0.467,19.2,195.9,175.5,281.1,118456137,0,2,0.000002269262,38160,FALSE,TerrestrialBody,Norse
S2006_S_20,65157,Saturn,6,2451545,13193700,0.206,77.4,153.1,173.1,60.9,48884161,0,2.5,0.000000934402,38160,FALSE,TerrestrialBody,Norse
S2006_S_21,65168,Saturn,6,2451545,14976500,0.204,157.4,40.7,169.8,328.3,59121481,0,1.5,0.000000934402,38160,FALSE,TerrestrialBody,Norse
S2006_S_22,65169,Saturn,6,2451545,15109500,0.246,71.7,254.1,172,231.1,59911021,0,1.5,0.000000934402,38160,FALSE,TerrestrialBody,Norse
S2006_S_23,65170,Saturn,6,2451545,18269700,0.19,72.5,309.9,43.8,257.1,79648980,0,1.5,0.000000934402,38160,FALSE,TerrestrialBody,Inuit
S2006_S_24,65171,Saturn,6,2451545,18210700,0.352,39.8,10.3,165.9,204.8,79277098,0,1.5,0.000000934402,38160,FALSE,TerrestrialBody,Norse
S2006_S_25,65172,Saturn,6,2451545,18572400,0.303,130.1,348.5,158.8,277.4,81653884,0,1.5,0.000000934402,38160,FALSE,TerrestrialBody,Norse
S2006_S_26,65173,Saturn,6,2451545,18619300,0.248,2.5,201,171.9,147.8,81965278,0,1.5,0.000000934402,38160,FALSE,TerrestrialBody,Norse
S2006_S_27,65174,Saturn,6,2451545,19205700,0.14,91.6,6.1,170.5,3.7,85863361,0,2,0.000002269262,38160,FALSE,TerrestrialBody,Norse
S2006_S_28,65175,Saturn,6,2451545,21955100,0.21,242.2,98.4,172.9,152.8,104935020,0,2,0.000002269262,38160,FALSE,TerrestrialBody,Norse
S2006_S_29,65176,Saturn,6,2451545,25212100,0.239,301.4,101.5,156.2,82.4,129149277,0,1.5,0.000000934402,38160,FALSE,TerrestrialBody,Norse
S2007_S_02,65091,Saturn,6,2451545,15939100,0.232,46.4,10,174,107.3,64914964,0,2.5,0.000004338295,38160,FALSE,TerrestrialBody,Norse
S2007_S_03,65092,Saturn,6,2451545,19614400,0.15,323.1,304.5,173.8,99.3,88620359,0,2.5,0.000004338295,38160,FALSE,TerrestrialBody,Norse
S2007_S_05,65101,Saturn,6,2451545,15835600,0.104,44.4,23.2,158.4,128.9,64282084,0,2,0.000002269262,38160,FALSE,TerrestrialBody,Norse
S2007_S_06,65107,Saturn,6,2451545,18545000,0.168,19.2,347.8,166.5,324.1,81473342,0,1.5,0.000000934402,38160,FALSE,TerrestrialBody,Norse
S2007_S_07,65130,Saturn,6,2451545,15931600,0.217,149.6,63.4,169.3,3.8,64868757,0,2,0.000002269262,38160,FALSE,TerrestrialBody,Norse
S2007_S_08,65131,Saturn,6,2451545,17048900,0.49,258.7,6.3,36.2,202.2,71816639,0,2,0.000002269262,38160,FALSE,TerrestrialBody,Gallic
S2007_S_09,65153,Saturn,6,2451545,20174600,0.36,125.3,240.3,159.3,269.4,92431316,0,2,0.000002269262,38160,FALSE,TerrestrialBody,Norse
S2007_S_10,65177,Saturn,6,2451545,11364900,0.367,94.2,23.6,45.8,287.1,39083697,0,2,0.000002269262,38160,FALSE,TerrestrialBody,Inuit
S2007_S_11,65178,Saturn,6,2451545,17434400,0.499,348.9,233.9,35.5,53.9,74263081,0,2,0.000002269262,38160,FALSE,TerrestrialBody,Gallic
S2019_S_01,65093,Saturn,6,2451545,11245400,0.383,86.6,36.5,49.5,185.6,38462697,0,2.5,0.000004338295,38160,FALSE,TerrestrialBody,Norse
S2019_S_02,65094,Saturn,6,2451545,16560300,0.279,103.2,185.1,173.3,95.3,68746078,0,1.5,0.000000934402,38160,FALSE,TerrestrialBody,Norse
S2019_S_03,65095,Saturn,6,2451545,17077400,0.248,129.2,150.3,166.9,243.9,71987763,0,2,0.000002269262,38160,FALSE,TerrestrialBody,Norse
S2019_S_04,65103,Saturn,6,2451545,17951900,0.408,247,217.8,170.1,301.4,77594881,0,1.5,0.000000934402,38160,FALSE,TerrestrialBody,Norse
S2019_S_05,65110,Saturn,6,2451545,19090100,0.216,321.5,59.4,158.8,271.1,85092958,0,1.5,0.000000934402,38160,FALSE,TerrestrialBody,Norse
S2019_S_06,65116,Saturn,6,2451545,18205600,0.12,286.9,185.7,46.4,154.2,79237924,0,2.5,0.000004338295,38160,FALSE,TerrestrialBody,Inuit
S2019_S_07,65118,Saturn,6,2451545,20185100,0.233,6.3,336,174.2,226.6,92517180,0,2,0.000002269262,38160,FALSE,TerrestrialBody,Norse
S2019_S_08,65119,Saturn,6,2451545,20287400,0.311,144.6,31.8,172.8,168.6,93213539,0,2,0.000002269262,38160,FALSE,TerrestrialBody,Norse
S2019_S_09,65120,Saturn,6,2451545,20359700,0.433,316.4,244.7,159.5,114.2,93711116,0,2,0.000002269262,38160,FALSE,TerrestrialBody,Norse
S2019_S_10,65122,Saturn,6,2451545,20700300,0.248,352.9,149.5,163.9,274.7,96076143,0,1.5,0.000000934402,38160,FALSE,TerrestrialBody,Norse
S2019_S_11,65124,Saturn,6,2451545,20664200,0.513,28.2,190.5,144.6,327.6,95827078,0,2,0.000002269262,38160,FALSE,TerrestrialBody,Norse
S2019_S_12,65126,Saturn,6,2451545,20895000,0.476,240.2,221.1,167.1,324.7,97424580,0,2,0.000002269262,38160,FALSE,TerrestrialBody,Norse
S2019_S_13,65128,Saturn,6,2451545,20964500,0.318,219.8,138.5,177.3,302.5,97914122,0,1.5,0.000000934402,38160,FALSE,TerrestrialBody,Norse
S2019_S_14,65133,Saturn,6,2451545,17852800,0.172,303.2,240.9,46.2,149.6,76946700,0,2,0.000002269262,38160,FALSE,TerrestrialBody,Inuit
S2019_S_15,65134,Saturn,6,2451545,21191100,0.257,17.9,302.9,157.8,22,99503519,0,1.5,0.000000934402,38160,FALSE,TerrestrialBody,Norse
S2019_S_16,65144,Saturn,6,2451545,23265200,0.25,280.6,351.8,162,206.7,114475317,0,1.5,0.000000934402,38160,FALSE,TerrestrialBody,Norse
S2019_S_17,65145,Saturn,6,2451545,22722700,0.546,317,40.5,155.5,125.3,110502300,0,2,0.000002269262,38160,FALSE,TerrestrialBody,Norse
S2019_S_18,65146,Saturn,6,2451545,23139500,0.509,304.5,340.4,154.6,230.6,113552703,0,1.5,0.000000934402,38160,FALSE,TerrestrialBody,Norse
S2019_S_19,65147,Saturn,6,2451545,23044400,0.458,305.8,335.8,151.8,248.3,112852259,0,1.5,0.000000934402,38160,FALSE,TerrestrialBody,Norse
S2019_S_20,65148,Saturn,6,2451545,23677900,0.354,198.6,281.1,156,176.6,117544383,0,1.5,0.000000934402,38160,FALSE,TerrestrialBody,Norse
S2019_S_21,65156,Saturn,6,2451545,26439500,0.155,16.7,346.4,171.9,342.8,138696183,0,2,0.000002269262,38160,FALSE,TerrestrialBody,Norse
S2019_S_22,65179,Saturn,6,2451545,11305100,0.369,100.5,223,47.3,21.1,38774160,0,1.5,0.000000934402,38160,FALSE,TerrestrialBody,Inuit
S2019_S_23,65180,Saturn,6,2451545,11310200,0.255,81.5,1,48.7,356.3,38800564,0,1.5,0.000000934402,38160,FALSE,TerrestrialBody,Inuit
S2019_S_24,65181,Saturn,6,2451545,11360500,0.345,74.7,79.3,46.7,205.3,39059220,0,2,0.000002269262,38160,FALSE,TerrestrialBody,Inuit
S2019_S_25,65182,Saturn,6,2451545,11329400,0.271,73.9,358.9,48.1,213.7,38898844,0,2,0.000002269262,38160,FALSE,TerrestrialBody,Inuit
S2019_S_26,65183,Saturn,6,2451545,11390900,0.365,111.3,164.1,48.1,119.7,39215940,0,1.5,0.000000934402,38160,FALSE,TerrestrialBody,Inuit
S2019_S_27,65184,Saturn,6,2451545,16267000,0.42,97.2,152.1,162.1,115.1,66928317,0,1.5,0.000000934402,38160,FALSE,TerrestrialBody,Norse
S2019_S_28,65185,Saturn,6,2451545,17496000,0.199,95.6,307.9,158.4,268.3,74657704,0,2,0.000002269262,38160,FALSE,TerrestrialBody,Norse
S2019_S_29,65186,Saturn,6,2451545,17353900,0.441,332.7,133.8,37.7,306.9,73753019,0,1.5,0.000000934402,38160,FALSE,TerrestrialBody,Gallic
S2019_S_30,65187,Saturn,6,2451545,17709900,0.107,5.3,187.8,168.3,356.8,76029477,0,1.5,0.000000934402,38160,FALSE,TerrestrialBody,Norse
S2019_S_31,65188,Saturn,6,2451545,17739100,0.488,37.8,35.2,39.8,173.7,76225622,0,1.5,0.000000934402,38160,FALSE,TerrestrialBody,Gallic
S2019_S_32,65189,Saturn,6,2451545,17960500,0.276,281.4,20.1,46.2,218.1,77648397,0,2.5,0.000004338295,38160,FALSE,TerrestrialBody,Inuit
S2019_S_33,65190,Saturn,6,2451545,18696100,0.289,46.9,245.6,170.4,186.4,82471738,0,2,0.000002269262,38160,FALSE,TerrestrialBody,Norse
S2019_S_34,65191,Saturn,6,2451545,18446800,0.536,226.7,78.5,37.6,169.4,80822638,0,1.5,0.000000934402,38160,FALSE,TerrestrialBody,Gallic
S2019_S_35,65192,Saturn,6,2451545,18557800,0.577,181.1,259,157.3,63.3,81561540,0,1.5,0.000000934402,38160,FALSE,TerrestrialBody,Norse
S2019_S_36,65193,Saturn,6,2451545,19903200,0.161,278.1,145.8,166.9,353.4,90583384,0,1.5,0.000000934402,38160,FALSE,TerrestrialBody,Norse
S2019_S_37,65194,Saturn,6,2451545,19996900,0.404,355.3,135.8,149.9,273.4,91219141,0,1.5,0.000000934402,38160,FALSE,TerrestrialBody,Norse
S2019_S_38,65195,Saturn,6,2451545,21998400,0.399,303.7,138.3,163,216.6,105258900,0,1.5,0.000000934402,38160,FALSE,TerrestrialBody,Norse
S2019_S_39,65196,Saturn,6,2451545,23784500,0.098,327,92.5,174.5,273.1,118337216,0,1.5,0.000000934402,38160,FALSE,TerrestrialBody,Norse
S2019_S_40,65197,Saturn,6,2451545,24087800,0.088,242.4,347.6,161.8,44.4,120603781,0,1.5,0.000000934402,38160,FALSE,TerrestrialBody,Norse
S2019_S_41,65198,Saturn,6,2451545,24493600,0.257,40,320.7,157.1,11.4,123664139,0,1.5,0.000000934402,38160,FALSE,TerrestrialBody,Norse
S2019_S_42,65199,Saturn,6,2451545,24111600,0.121,84.5,351.4,163.2,318.2,120785040,0,2,0.000002269262,38160,FALSE,TerrestrialBody,Norse
S2019_S_43,65200,Saturn,6,2451545,26664100,0.277,108.2,306.2,165.3,116,140477760,0,1.5,0.000000934402,38160,FALSE,TerrestrialBody,Norse
S2019_S_44,65201,Saturn,6,2451545,26796900,0.512,332.7,330.6,172.6,223,141532739,0,1.5,0.000000934402,38160,FALSE,TerrestrialBody,Norse
S2020_S_01,65096,Saturn,6,2451545,11338600,0.337,73.2,2.1,48.2,161.7,38946718,0,2,0.000002269262,38160,FALSE,TerrestrialBody,Inuit
S2020_S_02,65097,Saturn,6,2451545,17869000,0.152,130.7,19.2,170.7,96.2,77056497,0,1.5,0.000000934402,38160,FALSE,TerrestrialBody,Norse
S2020_S_03,65102,Saturn,6,2451545,18056800,0.142,317.6,135.8,46,216.8,78264662,0,1.5,0.000000934402,38160,FALSE,TerrestrialBody,Inuit
S2020_S_04,65105,Saturn,6,2451545,18236400,0.496,157.7,178.7,40.1,67.8,79446303,0,1.5,0.000000934402,38160,FALSE,TerrestrialBody,Gallic
S2020_S_05,65106,Saturn,6,2451545,18391000,0.22,285.7,232,48.2,214.9,80454721,0,1.5,0.000000934402,38160,FALSE,TerrestrialBody,Inuit
S2020_S_06,65127,Saturn,6,2451545,21253300,0.48,27.9,271.2,166.9,7,99948479,0,1.5,0.000000934402,38160,FALSE,TerrestrialBody,Norse
S2020_S_07,65132,Saturn,6,2451545,17394000,0.5,298.8,215.8,161.4,175.7,74004538,0,1.5,0.000000934402,38160,FALSE,TerrestrialBody,Norse
S2020_S_08,65140,Saturn,6,2451545,21967200,0.252,45,181.2,161.8,41.8,105028384,0,1.5,0.000000934402,38160,FALSE,TerrestrialBody,Norse
S2020_S_09,65151,Saturn,6,2451545,25408700,0.531,171,46.4,161.4,15,130669978,0,2,0.000002269262,38160,FALSE,TerrestrialBody,Norse
S2020_S_10,65155,Saturn,6,2451545,25315300,0.296,213.5,158.8,165.6,243.6,129942844,0,1.5,0.000000934402,38160,FALSE,TerrestrialBody,Norse
S2020_S_11,65202,Saturn,6,2451545,11295600,0.372,110.4,95.9,48.2,94.2,38725439,0,1.5,0.000000934402,38160,FALSE,TerrestrialBody,Inuit
S2020_S_12,65203,Saturn,6,2451545,11314500,0.26,81.2,350.8,50.8,70.5,38821861,0,1.5,0.000000934402,38160,FALSE,TerrestrialBody,Inuit
S2020_S_13,65204,Saturn,6,2451545,11415600,0.373,96.4,230.4,48,41.6,39345480,0,1.5,0.000000934402,38160,FALSE,TerrestrialBody,Inuit
S2020_S_14,65205,Saturn,6,2451545,16186200,0.313,54.7,209.3,161.7,355.4,66429720,0,1.5,0.000000934402,38160,FALSE,TerrestrialBody,Norse
S2020_S_15,65206,Saturn,6,2451545,16729200,0.462,275.8,141.7,37.1,338.2,69796020,0,1.5,0.000000934402,38160,FALSE,TerrestrialBody,Gallic
S2020_S_16,65207,Saturn,6,2451545,16963400,0.405,73.1,185.2,167.3,268.6,71273339,0,1.5,0.000000934402,38160,FALSE,TerrestrialBody,Norse
S2020_S_17,65208,Saturn,6,2451545,17094200,0.378,287.2,359,148.9,210.9,72096238,0,2,0.000002269262,38160,FALSE,TerrestrialBody,Norse
S2020_S_18,65209,Saturn,6,2451545,17777900,0.18,165.9,218.7,168.9,204,76473962,0,1.5,0.000000934402,38160,FALSE,TerrestrialBody,Norse
S2020_S_19,65210,Saturn,6,2451545,17726700,0.159,65.5,80.4,48.1,56.1,76122124,0,1.5,0.000000934402,38160,FALSE,TerrestrialBody,Inuit
S2020_S_20,65211,Saturn,6,2451545,17997300,0.133,230.5,330,169.8,92.9,77891760,0,1.5,0.000000934402,38160,FALSE,TerrestrialBody,Norse
S2020_S_21,65212,Saturn,6,2451545,18862100,0.307,188,95.5,169.9,328.3,83571299,0,1.5,0.000000934402,38160,FALSE,TerrestrialBody,Norse
S2020_S_22,65213,Saturn,6,2451545,19443000,0.059,38.4,128.8,161.3,271.4,87457622,0,1.5,0.000000934402,38160,FALSE,TerrestrialBody,Norse
S2020_S_23,65214,Saturn,6,2451545,19801500,0.089,61.5,65.1,165,153.6,89888460,0,1.5,0.000000934402,38160,FALSE,TerrestrialBody,Norse
S2020_S_24,65215,Saturn,6,2451545,20618300,0.23,114.8,301.4,159.6,42.2,95507277,0,1.5,0.000000934402,38160,FALSE,TerrestrialBody,Norse
S2020_S_25,65216,Saturn,6,2451545,20763700,0.316,329,318.1,171.8,242.2,96516481,0,1.5,0.000000934402,38160,FALSE,TerrestrialBody,Norse
S2020_S_26,65217,Saturn,6,2451545,21264400,0.273,143,141.3,163.2,252.9,100030982,0,1.5,0.000000934402,38160,FALSE,TerrestrialBody,Norse
S2020_S_27,65218,Saturn,6,2451545,21802300,0.255,314.6,32,145.3,324.5,103854182,0,1.5,0.000000934402,38160,FALSE,TerrestrialBody,Norse
S2020_S_28,65219,Saturn,6,2451545,21993700,0.474,226.7,2.2,160.1,60.9,105218819,0,1.5,0.000000934402,38160,FALSE,TerrestrialBody,Norse
S2020_S_29,65220,Saturn,6,2451545,22301400,0.047,298.7,115.9,169.1,255.9,107434020,0,1.5,0.000000934402,38160,FALSE,TerrestrialBody,Norse
S2020_S_30,65221,Saturn,6,2451545,21790700,0.601,352.3,60.3,154.2,132.1,103768016,0,1.5,0.000000934402,38160,FALSE,TerrestrialBody,Norse
S2020_S_31,65222,Saturn,6,2451545,22457300,0.238,196.2,0.1,163.8,148.1,108561902,0,1.5,0.000000934402,38160,FALSE,TerrestrialBody,Norse
S2020_S_32,65223,Saturn,6,2451545,21884100,0.502,198.2,88.9,169.1,351.6,104444519,0,1.5,0.000000934402,38160,FALSE,TerrestrialBody,Norse
S2020_S_33,65224,Saturn,6,2451545,22922500,0.555,4.3,165.2,162.8,161.7,111961440,0,1.5,0.000000934402,38160,FALSE,TerrestrialBody,Norse
S2020_S_34,65225,Saturn,6,2451545,22435600,0.154,162.8,116.4,160.6,7.7,108398036,0,1.5,0.000000934402,38160,FALSE,TerrestrialBody,Norse
S2020_S_35,65226,Saturn,6,2451545,23030300,0.225,19.8,98,174.9,344.7,112749002,0,1.5,0.000000934402,38160,FALSE,TerrestrialBody,Norse
S2020_S_36,65227,Saturn,6,2451545,22806200,0.336,139.7,216.1,168.8,26.9,111112923,0,1.5,0.000000934402,38160,FALSE,TerrestrialBody,Norse
S2020_S_37,65228,Saturn,6,2451545,23751800,0.344,211.7,182.3,174.8,25.1,118093378,0,1.5,0.000000934402,38160,FALSE,TerrestrialBody,Norse
S2020_S_38,65229,Saturn,6,2451545,23583900,0.513,246.3,99.4,159.7,284,116850358,0,2,0.000002269262,38160,FALSE,TerrestrialBody,Norse
S2020_S_39,65230,Saturn,6,2451545,24262400,0.305,28.9,165.2,160.1,318.8,121922937,0,1.5,0.000000934402,38160,FALSE,TerrestrialBody,Norse
S2020_S_40,65231,Saturn,6,2451545,23785900,0.412,99.4,64,167.3,250.5,118346936,0,1.5,0.000000934402,38160,FALSE,TerrestrialBody,Norse
S2020_S_41,65232,Saturn,6,2451545,25876400,0.402,224.9,63.1,160.2,28.3,134300100,0,1.5,0.000000934402,38160,FALSE,TerrestrialBody,Norse
S2020_S_42,65233,Saturn,6,2451545,25329400,0.506,59.1,278.4,157.5,15.4,130058940,0,1.5,0.000000934402,38160,FALSE,TerrestrialBody,Norse
S2020_S_43,65234,Saturn,6,2451545,26657400,0.203,257,252.6,164.6,68.7,140425324,0,1.5,0.000000934402,38160,FALSE,TerrestrialBody,Norse
S2020_S_44,65235,Saturn,6,2451545,27259400,0.199,283.8,318,168.5,28,145207382,0,1.5,0.000000934402,38160,FALSE,TerrestrialBody,Norse
S2023_S_01,65236,Saturn,6,2451545,11205400,0.386,296.8,263.4,48.8,159.6,38263380,0,1.5,0.000000934402,38160,FALSE,TerrestrialBody,Inuit
S2023_S_02,65237,Saturn,6,2451545,11309900,0.339,117.3,257.2,45.7,253.8,38798222,0,1.5,0.000000934402,38160,FALSE,TerrestrialBody,Inuit
S2023_S_03,65238,Saturn,6,2451545,17646400,0.178,264,272.6,46.9,93.7,75600060,0,1.5,0.000000934402,38160,FALSE,TerrestrialBody,Inuit
S2023_S_04,65239,Saturn,6,2451545,17764600,0.276,9.5,123.9,170,264.4,76387199,0,1.5,0.000000934402,38160,FALSE,TerrestrialBody,Norse
S2023_S_05,65240,Saturn,6,2451545,25583500,0.599,94.9,334.2,168.8,235,132022380,0,1.5,0.000000934402,38160,FALSE,TerrestrialBody,Norse
S2023_S_06,65241,Saturn,6,2451545,11953100,0.336,103.7,133.4,47.4,54.4,42155338,0,1.5,0.000000934402,38160,FALSE,TerrestrialBody,Inuit
S2023_S_07,65242,Saturn,6,2451545,12133700,0.284,102.5,102.3,44.7,289.7,43114438,0,2,0.000002269262,38160,FALSE,TerrestrialBody,Inuit
S2023_S_08,65243,Saturn,6,2451545,14018800,0.122,278.8,149.6,166.9,240.1,53541302,0,1.5,0.000000934402,38160,FALSE,TerrestrialBody,Norse
S2023_S_09,65244,Saturn,6,2451545,13167500,0.141,209.8,285.2,172.2,324.8,48739441,0,1.5,0.000000934402,38160,FALSE,TerrestrialBody,Norse
S2023_S_10,65245,Saturn,6,2451545,15500200,0.302,124.7,70.9,163,308.1,62250604,0,1.5,0.000000934402,38160,FALSE,TerrestrialBody,Norse
S2023_S_11,65246,Saturn,6,2451545,14046100,0.3,76.1,334.2,170.9,193,53697004,0,1.5,0.000000934402,38160,FALSE,TerrestrialBody,Norse
S2023_S_12,65247,Saturn,6,2451545,15805900,0.601,182.5,339.7,168.8,301,64101603,0,1.5,0.000000934402,38160,FALSE,TerrestrialBody,Norse
S2023_S_13,65248,Saturn,6,2451545,15193000,0.179,107.5,173.9,168.5,134.2,60409143,0,1.5,0.000000934402,38160,FALSE,TerrestrialBody,Norse
S2023_S_14,65249,Saturn,6,2451545,16853000,0.497,351.4,62.7,171.6,291.7,70576860,0,1.5,0.000000934402,38160,FALSE,TerrestrialBody,Norse
S2023_S_15,65250,Saturn,6,2451545,18241300,0.549,123.2,159.7,161.9,276.6,79482358,0,1.5,0.000000934402,38160,FALSE,TerrestrialBody,Norse
S2023_S_16,65251,Saturn,6,2451545,17005300,0.27,116.9,80,162.6,270.6,71531519,0,1.5,0.000000934402,38160,FALSE,TerrestrialBody,Norse
S2023_S_17,65252,Saturn,6,2451545,17385300,0.498,246.7,128.1,35.9,240.7,73952819,0,1.5,0.000000934402,38160,FALSE,TerrestrialBody,Gallic
S2023_S_18,65253,Saturn,6,2451545,17381700,0.448,280,169.7,36.7,78.1,73928462,0,1.5,0.000000934402,38160,FALSE,TerrestrialBody,Gallic
S2023_S_19,65254,Saturn,6,2451545,17590300,0.092,205.4,325.5,48.2,50.1,75247739,0,1.5,0.000000934402,38160,FALSE,TerrestrialBody,Inuit
S2023_S_20,65255,Saturn,6,2451545,17261000,0.442,322.1,200.6,136.5,112.7,73160522,0,1.5,0.000000934402,38160,FALSE,TerrestrialBody,Norse
S2023_S_21,65256,Saturn,6,2451545,17755400,0.077,341.9,38.7,157.3,124.2,76317837,0,1.5,0.000000934402,38160,FALSE,TerrestrialBody,Norse
S2023_S_22,65257,Saturn,6,2451545,18577500,0.182,266.5,4.2,47.5,121.8,81679977,0,2,0.000002269262,38160,FALSE,TerrestrialBody,Inuit
S2023_S_23,65258,Saturn,6,2451545,18783700,0.35,91.2,81.8,164.8,187,83049719,0,1.5,0.000000934402,38160,FALSE,TerrestrialBody,Norse
S2023_S_24,65259,Saturn,6,2451545,18351800,0.374,319.7,54.4,169.7,1.4,80200377,0,1.5,0.000000934402,38160,FALSE,TerrestrialBody,Norse
S2023_S_25,65260,Saturn,6,2451545,19136600,0.281,293.8,186.2,166.4,216.6,85408802,0,1.5,0.000000934402,38160,FALSE,TerrestrialBody,Norse
S2023_S_26,65261,Saturn,6,2451545,19894300,0.306,108.2,132.2,163.9,147.4,90526620,0,1.5,0.000000934402,38160,FALSE,TerrestrialBody,Norse
S2023_S_27,65262,Saturn,6,2451545,19820100,0.652,117,91.2,151.1,306.6,90016021,0,1.5,0.000000934402,38160,FALSE,TerrestrialBody,Norse
S2023_S_28,65263,Saturn,6,2451545,19881000,0.575,2.3,189.6,168.7,59.6,90422404,0,1.5,0.000000934402,38160,FALSE,TerrestrialBody,Norse
S2023_S_29,65264,Saturn,6,2451545,20042400,0.141,47,162.8,172.2,227.4,91533957,0,1.5,0.000000934402,38160,FALSE,TerrestrialBody,Norse
S2023_S_30,65265,Saturn,6,2451545,18238300,0.493,191.3,2.7,142.4,250,79463281,0,1.5,0.000000934402,38160,FALSE,TerrestrialBody,Norse
S2023_S_31,65266,Saturn,6,2451545,20729200,0.182,240.9,308.7,163,261.1,96274561,0,1.5,0.000000934402,38160,FALSE,TerrestrialBody,Norse
S2023_S_32,65267,Saturn,6,2451545,20454400,0.037,90.3,30,169.8,195.2,94369683,0,1,0.000000266972,38160,FALSE,TerrestrialBody,Norse
S2023_S_33,65268,Saturn,6,2451545,21621900,0.665,258.6,49.1,155.8,209.3,102562563,0,1.5,0.000000934402,38160,FALSE,TerrestrialBody,Norse
S2023_S_34,65269,Saturn,6,2451545,20803900,0.57,275.5,293.6,168.4,303,96801117,0,1.5,0.000000934402,38160,FALSE,TerrestrialBody,Norse
S2023_S_35,65270,Saturn,6,2451545,22269700,0.151,165.5,92.9,168.5,340.9,107201820,0,1.5,0.000000934402,38160,FALSE,TerrestrialBody,Norse
S2023_S_36,65271,Saturn,6,2451545,22230600,0.359,157,312.2,166.3,325.1,106929539,0,1.5,0.000000934402,38160,FALSE,TerrestrialBody,Norse
S2023_S_37,65272,Saturn,6,2451545,19889800,0.215,241.2,244.7,172.3,63.4,90494522,0,1.5,0.000000934402,38160,FALSE,TerrestrialBody,Norse
S2023_S_38,65273,Saturn,6,2451545,12823500,0.909,241.2,244.7,149.2,63.4,47201581,0,1.5,0.000000934402,38160,FALSE,TerrestrialBody,Norse
S2023_S_39,65274,Saturn,6,2451545,20824500,0.124,351.9,345.1,164.8,118.3,96940264,0,1.5,0.000000934402,38160,FALSE,TerrestrialBody,Norse
S2023_S_40,65275,Saturn,6,2451545,21065100,0.342,334.7,3.6,169.6,271.4,98623984,0,1.5,0.000000934402,38160,FALSE,TerrestrialBody,Norse
S2023_S_41,65276,Saturn,6,2451545,21286400,0.279,323,29.1,172.1,7.2,100182182,0,1.5,0.000000934402,38160,FALSE,TerrestrialBody,Norse
S2023_S_42,65277,Saturn,6,2451545,21837000,0.059,33.2,315.9,166.7,355.1,104095981,0,1.5,0.000000934402,38160,FALSE,TerrestrialBody,Norse
S2023_S_43,65278,Saturn,6,2451545,22563900,0.264,218,92.7,170.3,247.3,109344963,0,1.5,0.000000934402,38160,FALSE,TerrestrialBody,Norse
S2023_S_44,65279,Saturn,6,2451545,19292400,0.434,166.3,232.9,167.4,179.9,86440798,0,1.5,0.000000934402,38160,FALSE,TerrestrialBody,Norse
S2023_S_45,65280,Saturn,6,2451545,23438400,0.633,334.1,336.8,157.4,102.2,115762798,0,1.5,0.000000934402,38160,FALSE,TerrestrialBody,Norse
S2023_S_46,65281,Saturn,6,2451545,24708900,0.336,100.4,230,143.2,306.8,125303458,0,1.5,0.000000934402,38160,FALSE,TerrestrialBody,Norse
S2023_S_47,65282,Saturn,6,2451545,25102300,0.101,257.3,97.5,162.5,208.4,128307603,0,1.5,0.000000934402,38160,FALSE,TerrestrialBody,Norse
S2023_S_48,65283,Saturn,6,2451545,20029200,0.022,108.2,315.6,169.7,338.7,91441380,0,1.5,0.000000934402,38160,FALSE,TerrestrialBody,Norse
S2023_S_49,65284,Saturn,6,2451545,21766500,0.026,110.7,82.5,171.7,193.8,103592701,0,1.5,0.000000934402,38160,FALSE,TerrestrialBody,Norse
S2023_S_50,65285,Saturn,6,2451545,11656500,0.263,326.3,79.8,166.1,29,40592457,0,1.5,0.000000934402,38160,FALSE,TerrestrialBody,Norse
Ariel,701,Uranus,7,2451545,190929,0.001,9.6,193.5,0,0,217761,0,578.9,83.5,0,FALSE,TerrestrialBody,Major
Umbriel,702,Uranus,7,2451545,265986,0.004,183.4,253,0.1,174.8,358057,0,584.7,85.1,0,FALSE,TerrestrialBody,Major
Titania,703,Uranus,7,2451545,436298,0.002,184,68.1,0.1,29.5,752187,0,788.9,226.9,0,FALSE,TerrestrialBody,Major
Oberon,704,Uranus,7,2451545,583511,0.002,132.2,143.6,0.1,76.8,1163224,0,761.4,205.3,0,FALSE,TerrestrialBody,Major
Miranda,705,Uranus,7,2451545,129846,0.001,154.8,73,4.4,100.9,122125,0,235.8,4.3,0,FALSE,TerrestrialBody,Major
Cordelia,706,Uranus,7,2451545,49755,0,0,287.4,0.2,1.1,28918,180,13,0.0040579744,0,FALSE,TerrestrialBody,Inner
Ophelia,707,Uranus,7,2451545,53765,0.011,19.3,213.4,0.2,151.6,32521,180,16,0.0023827251,0,FALSE,TerrestrialBody,Inner
Bianca,708,Uranus,7,2451545,59170,0.006,328,109.1,2.3,272.5,37558,180,22,0.004605267,0,FALSE,TerrestrialBody,Inner
Cressida,709,Uranus,7,2451545,61770,0.004,87.9,0.5,1.8,308.2,40081,180,33,0.0122740377,0,FALSE,TerrestrialBody,Inner
Desdemona,710,Uranus,7,2451545,62663,0.007,137,230,3.1,283.9,40919,180,29,0.00934402,0,FALSE,TerrestrialBody,Inner
Juliet,711,Uranus,7,2451545,64362,0.006,274.9,319.8,3,141,42604,180,42,0.02869949,0,FALSE,TerrestrialBody,Inner
Portia,712,Uranus,7,2451545,66101,0.004,31.6,310.1,2.7,146.7,44340,180,55,0.0867659,0,FALSE,TerrestrialBody,Inner
Rosalind,713,Uranus,7,2451545,69930,0.003,231.8,287.7,1.7,330,48237,180,29,0.0133486,0,FALSE,TerrestrialBody,Inner
Belinda,714,Uranus,7,2451545,75258,0.002,58.6,226.4,1.4,96.2,53879,180,34,0.02536234,0,FALSE,TerrestrialBody,Inner
Puck,715,Uranus,7,2451545,86007,0.009,337,264.1,1.1,111.2,65820,180,77,0.12747913,0,FALSE,TerrestrialBody,Inner
Caliban,716,Uranus,7,2451545,7167000,0.2,349.7,241.2,141.4,174.9,50112000,0,30,0.002602977,35812,FALSE,TerrestrialBody,Caliban
Sycorax,717,Uranus,7,2451545,12193200,0.52,25.4,332.1,157,267.1,111110400,0,60,0.133486,24898,FALSE,TerrestrialBody,Irregular
Prospero,718,Uranus,7,2451545,16221000,0.441,180.4,197.6,149.4,324.5,170553600,0,50,0.004338295,25722,FALSE,TerrestrialBody,Irregular
Setebos,719,Uranus,7,2451545,17519800,0.579,356.1,148,153.9,244.7,191376000,0,23.5,0.003604122,15318,FALSE,TerrestrialBody,Irregular
Stephano,720,Uranus,7,2451545,7951400,0.235,17.1,164.4,143.6,193.3,58492800,0,16,0.001134631,35812,FALSE,TerrestrialBody,Caliban
Trinculo,721,Uranus,7,2451545,8502600,0.22,162.2,55.6,167.1,196.5,64713600,0,9,0.0002069033,15318,FALSE,TerrestrialBody,Irregular
Francisco,722,Uranus,7,2451545,4275700,0.144,137.6,288.4,146.8,101.9,23068800,0,11,0.0003737608,15318,FALSE,TerrestrialBody,Irregular
Margaret,723,Uranus,7,2451545,14425000,0.642,90.7,115.9,60.5,0.9,142992000,0,10,0.0002803206,15318,FALSE,TerrestrialBody,Margaret
Ferdinand,724,Uranus,7,2451545,20421400,0.395,166.9,172.3,169.2,223.9,240883200,0,10.5,0.0003203664,42624,FALSE,TerrestrialBody,Irregular
Perdita,725,Uranus,7,2451545,76418,0.005,296.9,168,1.6,270.4,55140,180,15,0.000934402,0,FALSE,TerrestrialBody,Inner
Mab,726,Uranus,7,2451545,97737,0.006,318.6,250.8,1.8,307.8,79739,180,9,0.0002069033,0,FALSE,TerrestrialBody,Inner
Cupid,727,Uranus,7,2451545,74396,0.007,168,3.3,2,31.1,52920,180,9,0.0002069033,0,FALSE,TerrestrialBody,Inner
S2023_U_01,75051,Uranus,7,2451545,7976600,0.25,158.7,101.8,143.9,260.2,58838400,0,4,0.00001802061,15318,FALSE,TerrestrialBody,Caliban
S2025_U_01,75052,Uranus,7,2451545,57844,0.039,313.9,275.6,4,70.8,36297,180,4.5,0.0000266972,0,FALSE,TerrestrialBody,Inner
Triton,801,Neptune,8,2451545,354800,0.00001,0,63,157.3,178.1,507772,0.4,1352.6,1428.49546,0,TRUE,TerrestrialBody,Triton
Nereid,802,Neptune,8,2451545,5513900,0.751,296.8,318.5,5.1,319.5,31115495,0,170,1.601832,48960,FALSE,TerrestrialBody,Nereid
Naiad,803,Neptune,8,2451545,48200,0.00027,0,89.7,4.7,41.4,25400,0.4,29,0.00853,0,FALSE,TerrestrialBody,Inner
Thalassa,804,Neptune,8,2451545,50100,0.0018,0,165.7,0.2,130.6,26877,0.4,40,0.2359,0,FALSE,TerrestrialBody,Inner
Despina,805,Neptune,8,2451545,52500,0.00027,0,125.1,0,0,28914,0.4,74,0.11673,0,FALSE,TerrestrialBody,Inner
Galatea,806,Neptune,8,2451545,62000,0.0002,0,86.7,0,0,37043,0.4,79,0.1899,0,FALSE,TerrestrialBody,Inner
Larissa,807,Neptune,8,2451545,73500,0.00121,247.3,165.5,0.2,312,47951,0.4,96,0.25484,0,FALSE,TerrestrialBody,Inner
Proteus,808,Neptune,8,2451545,117600,0.00047,0,276.8,0,0,96968,0.9,208,2.58342,0,FALSE,TerrestrialBody,Inner
Halimede,809,Neptune,8,2451545,16590500,0.521,157.9,135.8,119.6,198.5,162345600,0,61,0.00800916,0,FALSE,TerrestrialBody,Halimede
Psamathe,810,Neptune,8,2451545,47646600,0.413,148.2,183.2,127.8,302.9,790473600,0,38,0.001935547,0,FALSE,TerrestrialBody,Neso
Sao,811,Neptune,8,2451545,22239900,0.296,93.5,178.5,50.2,41.8,252201600,0,40,0.002269262,0,FALSE,TerrestrialBody,Sao
Laomedeia,812,Neptune,8,2451545,23499900,0.419,146.2,248.1,36.9,57.6,273715200,0,40,0.002269262,0,FALSE,TerrestrialBody,Sao
Neso,813,Neptune,8,2451545,49897800,0.455,89.8,13.8,128.4,55.4,847152000,0,60,0.00734173,0,FALSE,TerrestrialBody,Neso
Hippocamp,814,Neptune,8,2451545,105300,0.001,346.4,286.5,0.3,0.5,82114,0.4,34.8,0.001468346,0,FALSE,TerrestrialBody,Inner
S2002_N_05,85051,Neptune,8,2451545,23414700,0.433,59.1,303.2,46.3,258.3,272246400,0,19,0.001935547,0,FALSE,TerrestrialBody,Sao
S2021_N_01,85052,Neptune,8,2451545,50700200,0.503,90.4,237.1,135.2,258.9,867715200,0,25,0.000533944,0,FALSE,TerrestrialBody,Neso
Charon,901,Pluto,9,2451545,19600,0.000161,172.6,148.6,112.9,227.3,551856,0,606,106.1,0,FALSE,TerrestrialBody,Charon
Nix,902,Pluto,9,2451545,49206,0.0134,134.8,334.8,112.8,227.4,2147040,0,18,0.001496,158025,FALSE,TerrestrialBody,Minor
Hydra,903,Pluto,9,2451545,65354,0.0154,226,334.3,112.7,227.6,3300480,0,18.5,0.00201,37116,FALSE,TerrestrialBody,Minor
Kerberos,904,Pluto,9,2451545,58205,0.0064,329.5,315.8,113.3,227.2,2825034,0,6,0.00006038,458784,FALSE,TerrestrialBody,Minor
Styx,905,Pluto,9,2451545,43500,0.029,195.6,11.6,112.9,227.3,1825193,0,5.2,0.0000405,279936,FALSE,TerrestrialBody,Minor
Ceres,1,Sol,10,2451545,413861913,0.078,73.9,6.2,10.58,80.5,145213583,0,469.7,62.628,32757,FALSE,TerrestrialBody,Asteroid
Pallas,2,Sol,10,2451545,414733539,0.229,310.3,352.9,34.84,173.2,145672571,0,256.5,13.63,28126,FALSE,TerrestrialBody,Asteroid
Juno,3,Sol,10,2451545,399132340,0.258,248,240.3,12.96,170.2,137530628,0,123.3,1.02,25956,FALSE,TerrestrialBody,Asteroid
Vesta,4,Sol,10,2451545,353280597,0.09,149.5,341,7.13,103.9,114525904,0,261.4,17.288,19224,FALSE,TerrestrialBody,Asteroid
Psyche,16,Sol,10,2451545,436910364,0.138,229.1,335.6,3.09,150.5,157511610,0,111,1.601,15105,FALSE,TerrestrialBody,Asteroid
Lutetia,21,Sol,10,2451545,364380543,0.1617,250.1,314.4,3.066,80.94,,0,49,0.1134,29395,FALSE,TerrestrialBody,Asteroid
Ida,243,Sol,10,2451545,427803554,0.04575,112.3,244.3,1.137,324.4,,0,16,0.00275,16682,TRUE,TerrestrialBody,Asteroid
Mathilde,253,Sol,10,2451545,396013358,0.2654,156.3,225.7,6.709,179.9,,0,26.4,0.00689,1503720,FALSE,TerrestrialBody,Asteroid
Eros,433,Sol,10,2451545,218164470,0.2228,178.64,57.69,10.828,304.4,,0,8.42,0.0004463,18972,FALSE,TerrestrialBody,Asteroid
Gaspra,951,Sol,10,2451545,330524608,0.1735,129.3,96.5,4.103,253.3,,0,6.1,0.00017,255351,FALSE,TerrestrialBody,Asteroid
Steins,2867,Sol,10,2451545,353425647,0.147,250.2,177.8,9.945,55.6,,0,2.58,0.000105,21776,FALSE,TerrestrialBody,Asteroid
Toutatis,4179,Sol,10,2451545,375572911,0.6343,274.7,283.8,0.469,128.4,,0,1.25,0.000001268,633600,FALSE,TerrestrialBody,Asteroid
Annefrank,5535,Sol,10,2451545,331063940,0.0639,8.3,250.7,4.245,120.7,,0,2.4,0.00032,54432,FALSE,TerrestrialBody,Asteroid
Braille,9969,Sol,10,2451545,350269427,0.433,355.4,44.7,28.95,242.1,,0,1.37,0.00000052,815040,FALSE,TerrestrialBody,Asteroid
Itokawa,25143,Sol,10,2451545,198209060,0.281,160.1,44.1,1.717,71.6,,0,0.165,0.0000000021,43675,FALSE,TerrestrialBody,Asteroid
Quaoar,50000,Sol,10,2451545,6452609750,0.034,163.8,258.9,8,189.1,8939786585,0,543,95.6,63644,FALSE,TerrestrialBody,Asteroid
Didymos,65803,Sol,10,2451545,245980173,0.384,319.2,278.2,3.4,73.2,66538683,0,0.358,0.000000003489,8136,FALSE,TerrestrialBody,Asteroid
Sedna,90377,Sol,10,2451545,82257856415,0.861,310.7,357.9,11.9,144.3,406902289166,0,453,266.9,36982,FALSE,TerrestrialBody,Asteroid
Orcus,90482,Sol,10,2457388.5,5873465479,0.226,73.7,150,20.5,268.5,7763645240,0,455,38.56,47484,FALSE,TerrestrialBody,Asteroid
Bennu,101955,Sol,10,2451545,168508094,0.204,65.7,35.4,6.03,2.17,37705506,0,0.241,4.89159447E-09,15466,FALSE,TerrestrialBody,Asteroid
Salacia,120347,Sol,10,2451545,6318389907,0.103,312.1,96.7,23.9,280.2,8662309270,0,452.5,32.444,21924,FALSE,TerrestrialBody,Asteroid
Haumea,136108,Sol,10,2457388.5,6419342981,0.199,240.6,189.6,28.2,121.9,8870741452,0,809,264.41,14094,FALSE,TerrestrialBody,Asteroid
Eris,136199,Sol,10,2451545,10193750536,0.432,150.8,194.3,43.4,36.1,17751091039,0,1163,1079,1365120,FALSE,TerrestrialBody,Asteroid
Ryugu,162173,Sol,10,2451545,177879939,0.19,211.1,288.6,5.884,251.7,40918010,0,0.448,0.00000003,27477,FALSE,TerrestrialBody,Asteroid
Kagara,469705,Sol,10,2451545,6575014499,0.0871,78.7,339.7,2.86,118.1,9150485760,0,69,0.0837,34740,FALSE,TerrestrialBody,Asteroid
Arrokoth,486958,Sol,10,2451545,6593312805,0.039,189.5,278.1,2.45,159.2,9275460958,0,10.78,0.0000499571355,57376,FALSE,TerrestrialBody,Asteroid
Dimorphos,65803,Didymos,20065803,2457388.5,1.2,1.817,54.5,359.9,1.7,40,44514,0,0.074,2.98047E-10,42912,FALSE,TerrestrialBody,Asteroid
Dysnomia,136199,Eris,920136199,2451545,37274,0.006,155.5,176.8,6.2,139,1364010,0,350,9.56,0,FALSE,TerrestrialBody,Asteroid
Haunu,120469705,Kagara,920469705,2451545,7681,0.693,169.9,77.1,10.2,13,11032664,0,60,0.2803,0,FALSE,TerrestrialBody,Asteroid
Hiaka,120136108,Haumea,920136108,2451545,49214,0.055,146.1,303.3,126.3,207.1,4236763,0,160,1.194,35280,FALSE,TerrestrialBody,Asteroid
Namaka,220136108,Haumea,920136108,2451545,24719,0.249,126.9,356.5,121.1,193.6,1498645,0,85,0.036,0,FALSE,TerrestrialBody,Asteroid
Vanth,120090482,Orcus,920090482,2451545,8975,0.001,243.9,102.7,89.8,51,824075,0,221.5,3.47,0,FALSE,TerrestrialBody,Asteroid
Weywot,120050000,Quaoar,20050000,2451545,13530,0.015,36.2,188,154.3,330.9,1011828,0,82.5,0.04783,0,FALSE,TerrestrialBody,Asteroid
Dactyl,243,Ida,243,2451545,90,0.2,155.5,176.8,8,13,,0,0.7,0.00000003470636,0,FALSE,TerrestrialBody,Asteroid
Oumuamua,1I/2017 U1,Sol,10,2451545,38284488,1.20113,241.9,-172.5,122.74,24.597,,0,0.2,1.6E-11,28573,FALSE,TerrestrialBody,Interstellar
Halley,90000030,Sol,10,2451545,2681019348,0.9673,112.5,65.85,162.2,59.51,2394274684,0,5.5,0.00001468,190080,FALSE,Comet,Comet
Borrelly,90000305,Sol,10,2451545,540428215,0.6236,353.3,270.7,30.32,75.42,216686110,0,2.4,0.000001335,45000,FALSE,Comet,Comet
Tempel 1,90000192,Sol,10,2451545,466496516,0.5189,178.9,359.8,10.54,68.96,173778745,0,3,0.00000504,146520,FALSE,Comet,Comet
Wild 2,90000860,Sol,10,2451545,515417669,0.5386,41.9,149.7,3.24,136.1,201819442,0,2.1,0.000001535,146880,FALSE,Comet,Comet
Hartley 2,90000955,Sol,10,2451545,515555499,0.7005,180.7,114.1,13.62,219.9,201900403,0,0.8,0.00000002,65160,FALSE,Comet,Comet
Churyumov-Gerasimnko,90000701,Sol,10,2451545,525238086,0.6314,11.4,216.2,7.122,50.99,207614827,0,1.7,0.000000662,44640,FALSE,Comet,Comet
