ID,ID_IAU,PARENT,PARENT_IAU,EPOCH,A_SEMI_MAJOR_AXIS_KM,EC_ECCENTRICITY,W_ARG_PERIAPSIS_DEG,MA_MEAN_ANOMALY_DEG,IN_INCLINATION_DEG,OM_LONGITUDE_ASCENDING_NODE_DEG,PR_SIDEREAL_ORBIT_PERIOD_SEC,AXIAL_TILT_DEG,MEAN_RADIUS_KM,GM_KM3/S2,PERIOD_SEC,RETROGRADE_ROT,GROUP,BODY_TYPE
Mercury,199,Sol,10,2451545,57909068.3,0.2056,29.12,174.80,7.005,48.33,7600530,0.027,2439.4,22031.868,5067014,FALSE,Planet,PlanetaryBody
Venus,299,Sol,10,2451545,108208168.2,0.0068,55.19,50.11,3.395,76.68,19413936,177.4,6051.84,324858.592,20996755,TRUE,Planet,AtmosphericBody
Earth,399,Sol,10,2451545,149665014.6,0.0171,326.73,358.62,0.000,135.08,31579397,23.44,6371,398600.435,86162,FALSE,Planet,PlanetaryBody
Mars,499,Sol,10,2451545,227939133.0,0.0933,286.54,19.36,1.850,49.56,59354318,25.19,3389.9,42828.38,88639,FALSE,Planet,AtmosphericBody
Jupiter,599,Sol,10,2451545,778557615.7,0.0488,275.07,18.82,1.305,100.49,374501014,3.1,69911,126686531.9,35730,FALSE,Planet,AtmosphericBody
Saturn,699,Sol,10,2451545,1433436205.6,0.0556,335.87,320.43,2.484,113.70,935900223,26.73,58232,37931206.234,38358,FALSE,Planet,AtmosphericBody
Uranus,799,Sol,10,2451545,2876789143.1,0.0444,96.59,142.89,0.773,74.00,2661194504,97.77,25362,5793950.6103,62064,FALSE,Planet,AtmosphericBody
Neptune,899,Sol,10,2451545,4501986665.7,0.0112,267.32,266.11,1.770,131.78,5209777483,28.32,24624,6835099.97,57996,FALSE,Planet,AtmosphericBody
Pluto,999,Sol,10,2451545,5919776464.7,0.2494,115.18,14.14,17.236,110.04,7855647934,122,1188.3,869.326,551844,TRUE,Planet,PlanetaryBody
Luna,301,Earth,399,2451545,381875.8,0.0631,61.54,146.67,161.80,282.24,2334208,0,1737.53,4902.8,0,FALSE,Planet,PlanetaryBody
Phobos,401,Mars,499,2451545,9378.6,0.0147,343.86,189.82,0.866,41.83,27575,0,11.08,0.0007087,27561.6,FALSE,Planet,MinorBody
Deimos,402,Mars,499,2451545,23458.2,0.0003,224.97,5.09,2.38,28.81,109083,0.9,6.2,0.0000962,109123.2,FALSE,Planet,MinorBody
Io,501,Jupiter,599,2451545,422036.4,0.0047,161.62,335.15,179.11,243.16,153049,0,1821.49,5959.9155,0,FALSE,Galilean,PlanetaryBody
Europa,502,Jupiter,599,2451545,671248.5,0.0098,48.95,345.41,178.69,180.10,306997,0,1560.8,3202.7121,0,FALSE,Galilean,PlanetaryBody
Ganymede,503,Jupiter,599,2451545,1070497.5,0.0015,231.83,277.05,179.11,72.91,618267,0.1,2631.2,9887.8328,0,FALSE,Galilean,PlanetaryBody
Callisto,504,Jupiter,599,2451545,1882773.0,0.0074,197.51,85.12,178.92,158.33,1442113,0.4,2410.3,7179.2834,0,FALSE,Galilean,PlanetaryBody
Amalthea,505,Jupiter,599,2451545,181996.7,0.0061,154.61,336.27,179.34,282.69,43342,0,83.5,0.16456,0,FALSE,Inner Jupiter,MinorBody
Thebe,514,Jupiter,599,2451545,222383.8,0.0152,26.15,182.49,0.18,340.44,58542,0,49.3,0.03015,0,FALSE,Inner Jupiter,MinorBody
Adrastea,515,Jupiter,599,2451545,129874.6,0.0075,30.28,1.11,179.11,183.05,26128,0,8.2,0.00014,0,FALSE,Inner Jupiter,MinorBody
Metis,516,Jupiter,599,2451545,128878.0,0.0061,272.45,358.02,179.12,255.53,25828,0,21.5,0.0025,0,FALSE,Inner Jupiter,MinorBody
Himalia,506,Jupiter,599,2451545,11372115.0,0.1662,316.74,78.24,27.15,69.77,21408020,0,85,0.151552,34560,FALSE,Himalia,MinorBody
Elara,507,Jupiter,599,2451545,11741169.8,0.2219,126.83,346.91,25.81,117.25,22458549,0,40,0.01802061,43200,FALSE,Himalia,MinorBody
Pasiphae,508,Jupiter,599,2451545,23425224.7,0.3795,174.07,279.22,136.99,318.46,63290757,0,18,0.0066743,86400,TRUE,Pasiphae,MinorBody
Sinope,509,Jupiter,599,2451545,22968766.2,0.3164,356.49,157.45,149.04,311.73,61449895,0,14,0.001468346,47376,TRUE,Pasiphae,MinorBody
Lysithea,510,Jupiter,599,2451545,11739918.5,0.1368,45.61,328.47,24.76,13.36,22454959,0,21,0.002602977,46008,FALSE,Himalia,MinorBody
Carme,511,Jupiter,599,2451545,24202879.6,0.2425,0.18,259.48,161.62,111.16,66468397,0,23.4,0.003604122,37440,TRUE,Carme,MinorBody
Ananke,512,Jupiter,599,2451545,21683816.5,0.3804,76.14,271.82,148.55,13.21,56366132,0,14.5,0.000867659,29916,TRUE,Ananke,MinorBody
Leda,513,Jupiter,599,2451545,11140307.1,0.1726,275.23,232.61,24.48,215.16,20756800,0,10.7,0.0003470636,86400,FALSE,Himalia,MinorBody
Callirrhoe,517,Jupiter,599,2451545,23032587.4,0.1977,16.37,117.90,136.06,282.10,61706191,0,4.8,0.00003070178,35640,FALSE,Pasiphae,MinorBody
Themisto,518,Jupiter,599,2451545,7396777.0,0.1967,238.40,289.16,42.88,202.99,11229966,0,4.5,0.00002536234,86400,FALSE,Themisto,MinorBody
Magaclite,519,Jupiter,599,2451545,24608500.1,0.4465,313.16,116.09,148.86,296.74,68146313,0,3,0.000004338295,35640,FALSE,Pasiphae,MinorBody
Taygete,520,Jupiter,599,2451545,22217126.0,0.2922,211.67,116.47,158.93,306.29,58458338,0,2.5,0.000004338295,86400,FALSE,Carme,MinorBody
Chaldene,521,Jupiter,599,2451545,23426734.0,0.2024,227.34,275.50,162.63,132.20,63296874,0,2,0.000002269262,86400,FALSE,Carme,MinorBody
Harpalyke,522,Jupiter,599,2451545,21571830.1,0.2545,100.66,255.48,146.86,34.22,55930040,0,2,0.000002269262,86400,FALSE,Ananke,MinorBody
Kalyke,523,Jupiter,599,2451545,22250664.9,0.3039,232.92,224.98,163.34,32.17,58590760,0,3.5,0.00001134631,86400,FALSE,Carme,MinorBody
Iocaste,524,Jupiter,599,2451545,21118019.0,0.2424,95.31,182.03,145.89,274.01,54174437,0,2,0.000002269262,86400,FALSE,Ananke,MinorBody
Erinome,525,Jupiter,599,2451545,23508755.0,0.3237,2.63,273.20,158.13,315.58,63629585,0,1.5,0.000000934402,86400,FALSE,Carme,MinorBody
Isonoe,526,Jupiter,599,2451545,23872480.1,0.1519,126.70,116.35,162.94,131.64,65111988,0,2,0.000002269262,86400,FALSE,Carme,MinorBody
Praxidike,527,Jupiter,599,2451545,20448947.9,0.1814,185.55,127.94,140.04,285.45,51620368,0,3.5,0.00001201374,86400,FALSE,Ananke,MinorBody
Autonoe,528,Jupiter,599,2451545,24864711.4,0.2155,65.42,134.04,147.17,270.17,69213335,0,2,0.000002269262,86400,FALSE,Pasiphae,MinorBody
Thyone,529,Jupiter,599,2451545,20601575.8,0.4302,109.48,242.58,146.80,246.37,52199375,0,2,0.000002269262,86400,FALSE,Ananke,MinorBody
Hermippe,530,Jupiter,599,2451545,21296572.0,0.1831,277.81,158.47,146.82,332.56,54862955,0,2,0.000002269262,86400,FALSE,Ananke,MinorBody
Aitne,531,Jupiter,599,2451545,22197905.5,0.3779,69.40,120.56,162.71,357.50,58382494,0,1.5,0.000000934402,86400,FALSE,Carme,MinorBody
Eurydome,532,Jupiter,599,2451545,22877264.7,0.2205,225.83,281.81,142.98,301.47,61083061,0,1.5,0.000000934402,86400,FALSE,Pasiphae,MinorBody
Euanthe,533,Jupiter,599,2451545,20535024.0,0.2340,316.06,353.59,142.87,270.00,51946640,0,1.5,0.000000934402,86400,FALSE,Ananke,MinorBody
Euporie,534,Jupiter,599,2451545,19545127.0,0.1208,105.58,56.26,143.98,61.78,48236123,0,1,0.0000002803206,86400,FALSE,Ananke,MinorBody
Orthosie,535,Jupiter,599,2451545,20689175.2,0.3005,247.92,161.14,141.19,216.73,52532662,0,1,0.0000002803206,86400,FALSE,Ananke,MinorBody
Sponde,536,Jupiter,599,2451545,24528915.3,0.2486,52.91,177.41,148.88,107.75,67815998,0,1,0.0000002803206,86400,FALSE,Pasiphae,MinorBody
Kale,537,Jupiter,599,2451545,23061645.3,0.2311,60.06,175.97,163.62,49.60,61823000,0,1,0.0000002803206,86400,FALSE,Carme,MinorBody
Pasithee,538,Jupiter,599,2451545,23237348.0,0.3183,210.25,237.72,160.07,321.97,62530872,0,1,0.0000002803206,86400,FALSE,Carme,MinorBody
Hegemone,539,Jupiter,599,2451545,23245320.7,0.3782,193.88,241.15,143.32,314.62,62563056,0,1.5,0.0000000934402,86400,FALSE,Pasiphae,MinorBody
Mneme,540,Jupiter,599,2451545,20476558.1,0.3091,48.57,236.08,144.82,1.40,51724950,0,1,0.0000002803206,86400,FALSE,Ananke,MinorBody
Aoede,541,Jupiter,599,2451545,22992334.2,0.5974,42.92,207.65,153.38,158.12,61544499,0,2,0.000002269262,86400,FALSE,Pasiphae,MinorBody
Thelxinoe,542,Jupiter,599,2451545,20675083.8,0.1705,308.36,275.15,147.89,177.96,52479001,0,1,0.000002803206,86400,FALSE,Ananke,MinorBody
Arche,543,Jupiter,599,2451545,22467798.9,0.2056,173.10,33.91,159.56,335.60,59450490,0,1.5,0.000000934402,86400,FALSE,Carme,MinorBody
Kallichore,544,Jupiter,599,2451545,22134595.8,0.1622,346.87,66.71,162.64,20.03,58132907,0,1,0.0000002803206,86400,FALSE,Carme,MinorBody
Helike,545,Jupiter,599,2451545,20820746.5,0.1527,300.31,45.70,152.17,91.86,53034575,0,2,0.000002269262,86400,FALSE,Ananke,MinorBody
Carpo,546,Jupiter,599,2451545,16925449.3,0.2032,87.97,336.64,55.60,55.20,38870932,0,1.5,0.000000934402,86400,FALSE,Carpo,MinorBody
Eukelade,547,Jupiter,599,2451545,24227058.6,0.2215,296.90,234.22,162.68,208.87,66568026,0,2,0.000002269262,86400,FALSE,Carme,MinorBody
Cyllene,548,Jupiter,599,2451545,23348689.7,0.2803,178.11,153.23,138.34,258.15,62980835,0,1,0.0000002803206,86400,FALSE,Pasiphae,MinorBody
Kore,549,Jupiter,599,2451545,23658716.3,0.2478,136.07,40.61,134.17,326.47,64239390,0,1,0.0000002803206,86400,FALSE,Pasiphae,MinorBody
Herse,550,Jupiter,599,2451545,23244172.4,0.3149,348.06,123.12,158.48,304.99,62558421,0,1,0.0000002803206,86400,FALSE,Carme,MinorBody
S2010_J_1,551,Jupiter,599,2451545,22433219.7,0.3211,180.65,183.40,157.73,291.25,59313296,0,1,0.0000002803206,86400,FALSE,Carme,MinorBody
S2010_J_2,552,Jupiter,599,2451545,21129672.6,0.2058,27.49,292.54,143.74,357.99,54219286,0,0.5,0.00000003470636,86400,FALSE,Ananke,MinorBody
Dia,553,Jupiter,599,2451545,12315848.5,0.1829,167.60,320.93,24.46,292.55,24127435,0,2,0.000002269262,86400,FALSE,Himalia,MinorBody
S2016_J_1,554,Jupiter,599,2451545,20346348.6,0.3875,302.32,215.34,141.92,252.67,51232360,0,0.5,0.00000003470636,86400,FALSE,Ananke,MinorBody
S2003_J_18,555,Jupiter,599,2451545,20788555.8,0.0639,86.70,252.68,142.74,169.07,52911628,0,1,0.0000002803206,86400,FALSE,Ananke,MinorBody
S2011_J_2,556,Jupiter,599,2451545,23915758.8,0.5104,259.00,297.57,154.06,23.03,65289132,0,0.5,0.00000003470636,86400,FALSE,Pasiphae,MinorBody
Eirene,557,Jupiter,599,2451545,22395271.6,0.2389,90.41,336.74,162.91,185.74,59162858,0,2,0.000002269262,86400,FALSE,Carme,MinorBody
Philophrosyne,558,Jupiter,599,2451545,21808121.3,0.0915,4.87,88.80,142.41,239.28,56851513,0,1,0.0000002803206,86400,FALSE,Carme,MinorBody
S2017_J_1,559,Jupiter,599,2451545,22645916.8,0.2934,78.53,250.07,142.29,256.79,60158847,0,1,0.0000002803206,86400,FALSE,Pasiphae,MinorBody
Eupheme,560,Jupiter,599,2451545,20943652.2,0.2902,77.75,339.85,146.51,232.88,53504865,0,1,0.0000002803206,86400,FALSE,Ananke,MinorBody
S2003_J_19,561,Jupiter,599,2451545,23687125.5,0.1590,181.38,196.90,162.02,18.44,64355132,0,1,0.0000002803206,86400,FALSE,Carme,MinorBody
Valetudo,562,Jupiter,599,2451545,18738034.6,0.1482,319.54,90.44,28.97,290.28,45279404,0,0.5,0.00000003470636,86400,FALSE,Valetudo,MinorBody
S2017_J_2,563,Jupiter,599,2451545,22061960.5,0.1960,150.29,278.16,161.34,358.63,57846995,0,1,0.0000002803206,86400,FALSE,Carme,MinorBody
S2017_J_3,564,Jupiter,599,2451545,21530706.7,0.2126,102.46,235.41,146.48,26.94,55770183,0,1,0.0000002803206,86400,FALSE,Ananke,MinorBody
Pandia,565,Jupiter,599,2451545,11547980.0,0.1456,193.37,158.49,25.10,247.42,21906535,0,1.5,0.000000934402,86400,FALSE,Himalia,MinorBody
S2017_J_5,566,Jupiter,599,2451545,23724366.2,0.3391,284.31,69.21,163.86,36.12,64506960,0,1,0.0000002803206,86400,FALSE,Carme,MinorBody
S2017_J_6,567,Jupiter,599,2451545,22523876.2,0.3469,16.98,146.04,139.34,315.67,59673202,0,1,0.0000002803206,86400,FALSE,Pasiphae,MinorBody
S2017_J_7,568,Jupiter,599,2451545,20915465.7,0.3366,292.65,352.94,145.16,270.04,53396889,0,1,0.0000002803206,86400,FALSE,Ananke,MinorBody
S2017_J_8,569,Jupiter,599,2451545,22381666.9,0.2605,322.46,349.40,162.04,91.25,59108956,0,0.5,0.00000003470636,86400,FALSE,Carme,MinorBody
S2017_J_9,570,Jupiter,599,2451545,21198115.5,0.2942,281.86,243.26,153.01,252.09,54482939,0,1.5,0.000000934402,86400,FALSE,Ananke,MinorBody
Ersa,571,Jupiter,599,2451545,11342310.2,0.1373,297.69,270.84,26.87,118.03,21323914,0,1.5,0.000000934402,86400,FALSE,Himalia,MinorBody
S2011_J_1,572,Jupiter,599,2451545,23028486.9,0.1786,58.27,225.44,161.07,262.93,61689713,0,1,0.0000002803206,86400,FALSE,Carme,MinorBody
S2003_J_2,55501,Jupiter,599,2451545,20506574.8,0.1133,169.98,42.18,145.12,349.55,51838728,0,1,0.0000002803206,86400,FALSE,Ananke,MinorBody
S2003_J_4,55502,Jupiter,599,2451545,22050391.9,0.2882,210.01,216.46,142.15,178.24,57801501,0,1,0.0000002803206,86400,FALSE,Pasiphae,MinorBody
S2003_J_9,55503,Jupiter,599,2451545,22655684.9,0.2858,279.82,359.71,163.97,39.69,60197775,0,0.5,0.00000003470636,86400,FALSE,Carme,MinorBody
S2003_J_10,55504,Jupiter,599,2451545,23284925.9,0.2999,187.19,272.86,160.55,157.16,62723016,0,1,0.0000002803206,86400,FALSE,Carme,MinorBody
S2003_J_12,55505,Jupiter,599,2451545,21267268.6,0.1827,61.58,160.66,149.02,51.90,54749760,0,0.5,0.00000003470636,86400,FALSE,Ananke,MinorBody
S2003_J_16,55506,Jupiter,599,2451545,21463898.1,0.3352,53.63,298.31,146.43,5.43,55510807,0,1,0.0000002803206,86400,FALSE,Ananke,MinorBody
S2003_J_23,55507,Jupiter,599,2451545,23275913.7,0.5563,253.16,140.59,147.19,29.75,62686605,0,1,0.0000002803206,86400,FALSE,Pasiphae,MinorBody
S2003_J_24,55508,Jupiter,599,2451545,22599460.6,0.3848,91.96,121.63,162.89,218.07,59973826,0,1,0.0000002803206,86400,FALSE,Carme,MinorBody
S2011_J_3,55509,Jupiter,599,2451545,11722490.0,0.1780,132.24,359.37,25.55,127.19,22404974,0,1.5,0.000000934402,86400,FALSE,Himalia,MinorBody
S2018_J_2,55510,Jupiter,599,2451545,11369370.1,0.1870,284.65,115.43,26.23,97.02,21400270,0,1.5,0.000000934402,86400,FALSE,Himalia,MinorBody
S2018_J_3,55511,Jupiter,599,2451545,23803991.3,0.3225,174.07,278.98,160.71,134.21,64831985,0,0.5,0.00000003470636,86400,FALSE,Carme,MinorBody
S2021_J_1,55512,Jupiter,599,2451545,21010816.4,0.1120,25.01,129.02,146.19,246.61,53762448,0,0.5,0.00000003470636,86400,FALSE,Ananke,MinorBody
S2021_J_2,55513,Jupiter,599,2451545,20457967.7,0.1586,29.44,110.76,141.41,274.05,51654526,0,0.5,0.00000003470636,86400,FALSE,Ananke,MinorBody
S2021_J_3,55514,Jupiter,599,2451545,20290063.8,0.2681,217.40,167.85,143.01,142.53,51019919,0,1,0.0000002803206,86400,FALSE,Ananke,MinorBody
S2021_J_4,55515,Jupiter,599,2451545,22210147.0,0.2662,135.94,218.92,161.80,127.21,58430795,0,0.5,0.00000003470636,86400,FALSE,Carme,MinorBody
S2021_J_5,55516,Jupiter,599,2451545,24403866.0,0.1751,272.66,236.58,163.26,155.52,67298067,0,1,0.0000002803206,86400,FALSE,Carme,MinorBody
S2021_J_6,55517,Jupiter,599,2451545,22270753.1,0.3690,137.86,208.48,161.65,81.00,58670123,0,0.5,0.00000003470636,86400,FALSE,Carme,MinorBody
S2016_J_3,55518,Jupiter,599,2451545,23668094.9,0.3157,87.00,59.01,163.91,31.05,64277592,0,1,0.0000002803206,86400,FALSE,Carme,MinorBody
S2016_J_4,55519,Jupiter,599,2451545,22144067.9,0.4804,252.64,217.56,146.67,207.82,58170226,0,0.5,0.00000003470636,86400,FALSE,Pasiphae,MinorBody
S2018_J_4,55520,Jupiter,599,2451545,16037400.5,0.1173,282.41,138.15,50.41,55.50,35852183,0,1,0.0000002803206,86400,FALSE,Carpo,MinorBody
S2022_J_1,55521,Jupiter,599,2451545,23086327.9,0.2633,235.58,42.02,159.96,315.65,61922279,0,0.5,0.00000003470636,86400,FALSE,Carme,MinorBody
S2022_J_2,55522,Jupiter,599,2451545,22179364.6,0.1788,348.97,98.85,162.81,41.68,58309363,0,0.5,0.00000003470636,86400,FALSE,Carme,MinorBody
S2022_J_3,55523,Jupiter,599,2451545,20734334.6,0.1008,355.47,271.89,144.13,238.24,52704755,0,0.5,0.00000003470636,86400,FALSE,Ananke,MinorBody
S2017_J_10,55525,Jupiter,599,2451545,20883969.6,0.1129,195.82,157.66,137.64,331.73,53276321,0,0.5,0.00000003470636,86400,FALSE,Ananke,MinorBody
S2017_J_11,55526,Jupiter,599,2451545,23424264.7,0.3009,21.67,236.90,161.90,132.97,63286867,0,0.5,0.00000003470636,86400,FALSE,Carme,MinorBody
Mimas,601,Saturn,699,2451545,186036.8,0.0218,337.94,37.40,0.27,173.00,81862,0,198.8,2.50349,0,FALSE,Major Saturn,PlanetaryBody
Enceladus,602,Saturn,699,2451545,238419.9,0.0064,226.35,6.95,1.32,309.08,118767,0,252.3,7.210367,0,FALSE,Major Saturn,PlanetaryBody
Tethys,603,Saturn,699,2451545,294980.3,0.0010,296.90,350.38,0.49,259.77,163445,0,531.1,41.21353,0,FALSE,Major Saturn,PlanetaryBody
Dione,604,Saturn,699,2451545,377652.2,0.0029,276.71,332.06,1.31,288.14,236766,0,561.4,73.11607,0,FALSE,Major Saturn,PlanetaryBody
Rhea,605,Saturn,699,2451545,527225.3,0.0008,219.10,206.90,1.51,346.17,390549,0,763.5,153.941175,0,FALSE,Major Saturn,PlanetaryBody
Titan,606,Saturn,699,2451545,1221934.9,0.0286,322.28,163.44,0.99,241.84,1377851,0.6,2574.76,8978.1371,0,FALSE,Major Saturn,PlanetaryBody
Hyperion,607,Saturn,699,2451545,1485060.8,0.1267,334.23,70.60,0.48,253.34,1846281,0.1,135,0.37049,1123200,FALSE,Irregular Saturn,PlanetaryBody
Iapetus,608,Saturn,699,2451545,3562568.1,0.0279,348.36,208.02,170.51,253.52,6860024,14.8,734.3,120.51511,0,FALSE,Major Saturn,PlanetaryBody
Phoebe,609,Saturn,699,2451545,12943748.1,0.1654,272.65,58.65,146.53,54.24,47508533,26.7,106.5,0.55479,33480,TRUE,Norse,PlanetaryBody
Janus,610,Saturn,699,2451545,152034.0,0.0062,49.83,79.74,1.25,154.33,60477,0,89.2,0.12662,0,FALSE,Irregular Saturn,PlanetaryBody
Epimetheus,611,Saturn,699,2451545,152072.9,0.0060,78.03,198.16,1.01,192.83,60501,0,58.2,0.03514,0,FALSE,Irregular Saturn,PlanetaryBody
Helene,612,Saturn,699,2451545,377855.6,0.0080,46.12,19.79,1.20,163.58,236957,0,18,0.00048,0,FALSE,Irregular,PlanetaryBody
Telesto,613,Saturn,699,2451545,294982.2,0.0011,26.52,350.35,0.15,229.24,163446,0,12.6,0.00048,0,FALSE,Irregular,MinorBody
Calypso,614,Saturn,699,2451545,294940.7,0.0006,157.72,16.45,1.47,314.10,163412,0,10.3,0.0003597,0,FALSE,Irregular,MinorBody
Atlas,615,Saturn,699,2451545,138324.4,0.0052,151.18,347.63,1.32,234.20,52484,0,15.1,0.00037,0,FALSE,Irregular,MinorBody
Prometheus,616,Saturn,699,2451545,140026.8,0.0048,121.26,26.82,1.32,307.58,53456,0,43.1,0.01071,0,FALSE,Irregular,PlanetaryBody
Pandora,617,Saturn,699,2451545,142348.3,0.0041,129.88,58.81,1.31,148.70,54791,0,40.6,0.00926,0,FALSE,Irregular,PlanetaryBody
Pan,618,Saturn,699,2451545,134263.6,0.0051,259.23,359.93,1.32,247.42,50190,0,14,0.0002869949,0,FALSE,Irregular,MinorBody
Ymir,619,Saturn,699,2451545,22398169.8,0.3944,16.44,216.61,146.22,47.23,108143480,0,8.5,0.0003737608,42919,FALSE,Norse,MinorBody
Paaliaq,620,Saturn,699,2451545,14919860.2,0.4648,239.21,304.66,20.59,222.75,58793413,0,12.5,0.000934402,67644,FALSE,Inuit,MinorBody
Tarvos,621,Saturn,699,2451545,18574908.0,0.6449,332.63,255.75,7.17,284.65,81671691,0,7.2,0.0001401603,38376,FALSE,Gallic,MinorBody
Ijiraq,622,Saturn,699,2451545,11327139.7,0.3683,88.42,28.41,22.88,6.55,38892148,0,6.5,0.0001201374,46908,FALSE,Inuit,MinorBody
Suttungr,623,Saturn,699,2451545,19596321.0,0.1206,350.41,317.77,147.95,50.88,88500018,0,3.5,0.00001802061,27612,FALSE,Norse,MinorBody
Kiviuq,624,Saturn,699,2451545,11303847.7,0.1582,93.31,168.53,22.03,222.36,38772248,0,8.5,0.0002402748,78552,FALSE,Inuit,MinorBody
Mundilfari,625,Saturn,699,2451545,18723771.2,0.2470,17.00,97.25,142.76,18.38,82655457,0,3.5,0.00001802061,24264,FALSE,Norse,MinorBody
Albiorix,626,Saturn,699,2451545,16398410.3,0.4917,112.80,17.21,10.36,299.34,67746079,0,14.3,0.000800916,47988,FALSE,Gallic,MinorBody
Skathi,627,Saturn,699,2451545,15500127.2,0.2240,148.01,117.18,121.13,107.18,62256462,0,4,0.00002536234,39960,FALSE,Norse,MinorBody
Erriapus,628,Saturn,699,2451545,17210740.8,0.6177,332.78,306.64,7.60,327.05,72841836,0,5,0.00006340585,101340,FALSE,Gallic,MinorBody
Siarnaq,629,Saturn,699,2451545,17560119.4,0.3909,99.70,190.71,21.77,275.84,75071093,0,19.7,0.002135776,36673,FALSE,Inuit,MinorBody
Thrymr,630,Saturn,699,2451545,20320676.3,0.5054,23.14,350.88,148.24,49.99,93452038,0,4,0.00002536234,139644,FALSE,Norse,MinorBody
Narvi,631,Saturn,699,2451545,19510875.8,0.2691,173.41,109.14,112.05,46.66,87921824,0,3.5,0.00001802061,36756,FALSE,Norsee,MinorBody
Methone,632,Saturn,699,2451545,194695.8,0.0032,217.51,15.90,1.32,316.96,87643,0,1.5,0.00000026163256,0,FALSE,Irregular Saturn,MinorBody
Pallene,633,Saturn,699,2451545,212707.9,0.0060,195.97,1.09,1.30,304.05,100082,0,2.2,0.00001535089,0,FALSE,Irregular Saturn,MinorBody
Polydeuces,634,Saturn,699,2451545,377405.1,0.0191,313.27,71.45,1.48,68.05,236534,0,1.3,0.0000005005725,0,FALSE,Irregular Saturn,MinorBody
Daphnis,635,Saturn,699,2451545,137169.4,0.0048,32.23,0.12,1.32,121.23,51828,0,3.8,0.000004538524,0,FALSE,Irregular Saturn,MinorBody
Aegir,636,Saturn,699,2451545,20825603.5,0.2868,235.76,27.18,141.13,44.03,96956724,0,3,0.00004338295,38160,FALSE,Norse,MinorBody
Bebhionn,637,Saturn,699,2451545,17194280.0,0.3777,328.86,164.02,16.63,99.28,72737360,0,3,0.00001201374,58788,FALSE,Gallic,MinorBody
Bergelmir,638,Saturn,699,2451545,19011410.9,0.1195,110.44,310.99,132.51,57.73,84567417,0,2.5,0.00000734173,29268,FALSE,Norse,MinorBody
Bestla,639,Saturn,699,2451545,20167838.3,0.6180,33.29,239.23,119.54,108.89,92399702,0,3.5,0.00001802061,52632,FALSE,Norse,MinorBody
Farbauti,640,Saturn,699,2451545,20448944.0,0.2444,2.26,285.16,129.74,24.10,94338262,0,3.5,0.000004338295,38160,FALSE,Norse,MinorBody
Fenrir,641,Saturn,699,2451545,21893195.0,0.1912,69.67,147.61,137.87,63.57,104506971,0,2,0.000002269262,38160,FALSE,Norse,MinorBody
Fornjot,642,Saturn,699,2451545,24999331.8,0.2673,244.84,232.09,141.26,65.53,127518778,0,3,0.00000734173,29520,FALSE,Norse,MinorBody
Hati,643,Saturn,699,2451545,19394622.1,0.4293,263.81,183.31,133.77,82.84,87137185,0,2.5,0.00000734173,19620,FALSE,Norse,MinorBody
Hyrrokkin,644,Saturn,699,2451545,18557966.5,0.4620,338.53,295.11,128.06,339.57,81559982,0,4,0.00002536234,45936,FALSE,Norse,MinorBody
Kari,645,Saturn,699,2451545,22433301.7,0.4693,106.10,299.54,119.77,111.91,108398017,0,3,0.00001802061,27720,FALSE,Norse,MinorBody
Loge,646,Saturn,699,2451545,22775125.0,0.1943,232.74,338.22,138.52,56.81,110884973,0,2.5,0.00000734173,24840,FALSE,Norse,MinorBody
Skoll,647,Saturn,699,2451545,17674106.1,0.4564,118.60,49.13,126.51,102.26,75803233,0,2.5,0.00000734173,26136,FALSE,Norse,MinorBody
Surtur,648,Saturn,699,2451545,22170890.2,0.5459,249.31,160.63,141.18,63.76,106501626,0,3,0.000004338295,38160,FALSE,Norse,MinorBody
Anthe,649,Saturn,699,2451545,198105.6,0.0011,349.46,355.31,1.32,291.32,89955,0,0.9,0.0000001001145,0,FALSE,Irregular Saturn,MinorBody
Jarnsaxa,650,Saturn,699,2451545,19009313.5,0.2825,6.12,194.04,136.54,15.32,84553422,0,3,0.000004338295,38160,FALSE,Norse,MinorBody
Greip,651,Saturn,699,2451545,18348508.2,0.3021,344.28,307.64,145.75,45.01,80183070,0,2.5,0.00000734173,45900,FALSE,Norse,MinorBody
Tarqeq,652,Saturn,699,2451545,17644458.5,0.1039,108.55,119.97,23.65,299.56,75612577,0,3.5,0.00001201374,274068,FALSE,Inuit,MinorBody
Aegaeon,653,Saturn,699,2451545,168028.3,0.0033,247.35,1.91,1.32,215.56,70268,0,0.38,0.0000000052193026,0,FALSE,Irregular Saturn,MinorBody
Gridr,654,Saturn,699,2451545,19276361.2,0.1598,136.22,138.02,135.49,66.96,86341408,0,2,0.000004338295,38160,FALSE,Norse,MinorBody
Angrboda,655,Saturn,699,2451545,20966523.0,0.1900,358.93,101.42,150.82,44.99,97942495,0,2,0.000002269262,38160,FALSE,Norse,MinorBody
Skrymir,656,Saturn,699,2451545,21417682.7,0.4776,60.60,64.18,151.30,40.53,101120745,0,2,0.000004338295,38160,FALSE,Norse,MinorBody
Gerd,657,Saturn,699,2451545,20601576.8,0.6198,227.02,210.31,147.52,52.08,95396454,0,2,0.000002269262,0,FALSE,Norse,MinorBody
Eggther,659,Saturn,699,2451545,20145576.4,0.1727,193.45,280.82,140.53,15.15,92246753,0,3,0.00000734173,38160,FALSE,Norse,MinorBody
Beli,661,Saturn,699,2451545,20773671.6,0.0956,209.78,348.91,130.98,80.74,96594286,0,2,0.000002269262,19800,FALSE,Norse,MinorBody
Gunnlod,662,Saturn,699,2451545,21197242.2,0.2261,310.00,178.32,130.01,93.99,99563598,0,2,0.000004338295,38160,FALSE,Norse,MinorBody
Thiazzi,663,Saturn,699,2451545,23127215.9,0.6451,9.36,120.78,136.30,5.34,113466217,0,2,0.000002269262,38160,FALSE,Norse,MinorBody
Alvaldi,665,Saturn,699,2451545,22102210.1,0.2582,39.88,321.79,149.32,44.41,106007135,0,3,0.000004338295,38160,FALSE,Norse,MinorBody
Geirrod,666,Saturn,699,2451545,22261314.7,0.5737,12.49,98.02,123.80,15.93,107153844,0,2,0.000002269262,38160,FALSE,Norse,MinorBody
S2004_S_07,65085,Saturn,699,2451545,20902044.6,0.5183,284.63,117.09,137.76,65.71,97491038,0,2.5,0.000004338295,38160,FALSE,Norse,MinorBody
S2004_S_12,65086,Saturn,699,2451545,19764804.6,0.3076,346.05,10.92,136.27,77.43,89643815,0,2,0.000002269262,38160,FALSE,Norse,MinorBody
S2004_S_13,65087,Saturn,699,2451545,18235225.8,0.2209,319.01,52.20,141.82,54.33,79441650,0,2,0.000002269262,38160,FALSE,Norse,MinorBody
S2004_S_17,65088,Saturn,699,2451545,19470674.1,0.1500,326.17,228.06,141.05,23.96,87650223,0,2,0.000002269262,38160,FALSE,Norse,MinorBody
S2004_S_21,65079,Saturn,699,2451545,22961385.7,0.3813,206.22,198.75,124.45,7.72,112248018,0,2,0.000002269262,38160,FALSE,Norse,MinorBody
S2004_S_24,65070,Saturn,699,2451545,23064014.1,0.0779,341.52,121.34,8.87,222.92,113001415,0,2,0.000002269262,38160,FALSE,Gallic,MinorBody
S2004_S_28,65077,Saturn,699,2451545,21884635.6,0.1916,222.99,95.91,143.15,28.83,104445689,0,2.5,0.000004338295,38160,FALSE,Norse,MinorBody
S2004_S_26,658,Saturn,699,2451545,27114037.7,0.0880,357.70,131.69,143.98,49.72,144036591,0,2.5,0.000004338295,38160,FALSE,Norse,MinorBody
S2004_S_29,660,Saturn,699,2451545,16841983.9,0.4790,335.76,199.87,11.99,3.97,70513360,0,2.5,0.000004338295,38160,FALSE,Gallic,MinorBody
S2004_S_31,65067,Saturn,699,2451545,17683302.4,0.1748,289.68,261.67,22.46,290.10,75862404,0,2.5,0.000004338295,38160,FALSE,Inuit,MinorBody
S2004_S_34,664,Saturn,699,2451545,24395129.7,0.3017,262.47,25.04,137.94,74.14,122923874,0,2,0.000002269262,38160,FALSE,Norse,MinorBody
S2004_S_36,65081,Saturn,699,2451545,24210326.9,0.5432,189.62,131.67,124.30,64.59,121529727,0,2,0.000002269262,38160,FALSE,Norse,MinorBody
S2004_S_37,65082,Saturn,699,2451545,16139408.1,0.4290,95.43,187.46,136.72,26.36,66147426,0,2,0.000002269262,38160,FALSE,Norse,MinorBody
S2004_S_39,65084,Saturn,699,2451545,23664864.0,0.1194,223.73,83.78,140.78,39.79,117445819,0,2,0.000002269262,38160,FALSE,Norse,MinorBody
S2004_S_40,65098,Saturn,699,2451545,16126951.0,0.2778,241.64,291.72,143.59,20.98,66070857,0,2,0.000002269262,38160,FALSE,Norse,MinorBody
S2004_S_41,65104,Saturn,699,2451545,18127770.8,0.3132,335.14,343.52,141.19,14.23,78740496,0,2,0.000002269262,38160,FALSE,Norse,MinorBody
S2004_S_42,65108,Saturn,699,2451545,18114215.7,0.1417,258.95,325.81,138.93,25.84,78652194,0,2,0.000002269262,38160,FALSE,Norse,MinorBody
S2004_S_43,65111,Saturn,699,2451545,19007938.3,0.4809,215.95,14.39,145.58,45.06,84544248,0,2,0.000002269262,38160,FALSE,Norse,MinorBody
S2004_S_44,65112,Saturn,699,2451545,19321195.9,0.1055,285.35,293.75,142.36,17.75,86642814,0,2.5,0.000004338295,38160,FALSE,Norse,MinorBody
S2004_S_45,65113,Saturn,699,2451545,19775888.3,0.5707,295.87,75.67,118.13,127.60,89719231,0,2,0.000002269262,38160,FALSE,Norse,MinorBody
S2004_S_46,65121,Saturn,699,2451545,20119832.7,0.2879,193.63,209.11,149.46,47.84,92069988,0,1.5,0.000000934402,38160,FALSE,Norse,MinorBody
S2004_S_47,65123,Saturn,699,2451545,16005792.3,0.2981,213.85,24.95,132.71,87.61,65327691,0,2,0.000002269262,38160,FALSE,Norse,MinorBody
S2004_S_48,65139,Saturn,699,2451545,22435006.0,0.3581,269.13,195.23,138.37,49.31,108410370,0,2,0.000002269262,38160,FALSE,Norse,MinorBody
S2004_S_49,65141,Saturn,699,2451545,22095131.7,0.3624,167.22,19.01,132.17,63.93,105956215,0,2,0.000002269262,38160,FALSE,Norse,MinorBody
S2004_S_50,65142,Saturn,699,2451545,22905794.2,0.4469,193.54,71.41,137.03,42.56,111840622,0,1.5,0.000000934402,38160,FALSE,Norse,MinorBody
S2004_S_51,65150,Saturn,699,2451545,24577301.3,0.1482,330.60,85.81,141.82,64.33,124303350,0,2,0.000002269262,38160,FALSE,Norse,MinorBody
S2004_S_52,65152,Saturn,699,2451545,25842769.3,0.2568,266.98,333.32,140.43,51.67,134026327,0,1.5,0.000000934402,38160,FALSE,Norse,MinorBody
S2004_S_53,65154,Saturn,699,2451545,23681279.7,0.2851,252.83,37.19,137.46,57.59,117568044,0,2,0.000002269262,38160,FALSE,Norse,MinorBody
S2004_S_54,65158,Saturn,699,2451545,11235593.8,0.4583,144.14,69.47,21.08,287.36,38421613,0,2,0.000002269262,38160,FALSE,Inuit,MinorBody
S2004_S_55,65159,Saturn,699,2451545,11283511.0,0.1649,52.99,59.96,24.44,88.11,38667663,0,1.5,0.000000934402,38160,FALSE,Inuit,MinorBody
S2004_S_56,65160,Saturn,699,2451545,13718691.0,0.3268,292.43,165.95,135.75,50.19,51838277,0,2.5,0.000004338295,38160,FALSE,Norse,MinorBody
S2004_S_57,65161,Saturn,699,2451545,17897457.4,0.3113,173.12,202.63,143.17,19.75,77244674,0,2,0.000002269262,38160,FALSE,Norse,MinorBody
S2004_S_58,65162,Saturn,699,2451545,18487355.6,0.2389,90.52,179.85,16.49,173.83,81094936,0,2.5,0.000004338295,38160,FALSE,Inuit,MinorBody
S2004_S_59,65163,Saturn,699,2451545,19219607.7,0.2310,255.69,282.92,143.00,27.72,85960378,0,1.5,0.000000934402,38160,FALSE,Norse,MinorBody
S2004_S_60,65164,Saturn,699,2451545,19571952.1,0.2469,121.71,357.39,145.26,50.26,88334989,0,1.5,0.000000934402,38160,FALSE,Norse,MinorBody
S2004_S_61,65165,Saturn,699,2451545,20586686.5,0.5602,35.27,175.64,142.61,42.05,95293048,0,2,0.000002269262,38160,FALSE,Norse,MinorBody
S2005_S_04,65129,Saturn,699,2451545,11319787.3,0.1993,106.88,247.50,24.48,39.70,38854287,0,2.5,0.000004338295,38160,FALSE,Inuit,MinorBody
S2005_S_05,65135,Saturn,699,2451545,21279123.8,0.6278,359.12,9.92,147.61,28.30,100141053,0,1.5,0.000000934402,38160,FALSE,Norse,MinorBody
S2005_S_06,65166,Saturn,699,2451545,18271151.1,0.0528,80.65,164.26,21.48,33.57,79676529,0,2,0.000002269262,38160,FALSE,Inuit,MinorBody
S2005_S_07,65167,Saturn,699,2451545,18987747.6,0.6678,90.63,180.89,3.06,174.77,84409576,0,1.5,0.000000934402,38160,FALSE,Gallic,MinorBody
S2006_S_01,65089,Saturn,699,2451545,18802231.6,0.0766,60.92,87.02,127.22,107.54,83175542,0,2.5,0.000004338295,38160,FALSE,Norse,MinorBody
S2006_S_03,65090,Saturn,699,2451545,21897377.1,0.3103,166.24,124.93,128.32,62.77,104536917,0,2.5,0.000004338295,38160,FALSE,Norse,MinorBody
S2006_S_09,65100,Saturn,699,2451545,14346610.2,0.2216,106.14,64.79,147.16,29.13,55437736,0,1.5,0.000000934402,38160,FALSE,Norse,MinorBody
S2006_S_10,65109,Saturn,699,2451545,18923793.7,0.1589,255.51,173.77,134.27,37.21,83983476,0,1.5,0.000000934402,38160,FALSE,Norse,MinorBody
S2006_S_11,65114,Saturn,699,2451545,19569446.1,0.1305,87.89,352.87,146.21,54.37,88318023,0,1.5,0.000000934402,38160,FALSE,Norse,MinorBody
S2006_S_12,65115,Saturn,699,2451545,19602676.4,0.7185,127.39,249.77,6.36,338.21,88543074,0,2,0.000002269262,38160,FALSE,Gallic,MinorBody
S2006_S_13,65117,Saturn,699,2451545,19787170.3,0.3945,349.55,248.54,138.32,6.83,89796018,0,2,0.000002269262,38160,FALSE,Norse,MinorBody
S2006_S_14,65125,Saturn,699,2451545,21427075.2,0.0605,60.27,265.16,137.77,73.30,101187270,0,1.5,0.000000934402,38160,FALSE,Norse,MinorBody
S2006_S_15,65136,Saturn,699,2451545,22063619.5,0.1323,350.06,313.49,134.56,6.13,105729622,0,2,0.000002269262,38160,FALSE,Norse,MinorBody
S2006_S_16,65137,Saturn,699,2451545,21442187.2,0.1869,285.44,62.88,139.44,38.47,101294337,0,1.5,0.000000934402,38160,FALSE,Norse,MinorBody
S2006_S_17,65138,Saturn,699,2451545,22101048.0,0.5070,71.76,206.57,139.20,70.29,105998774,0,2,0.000002269262,38160,FALSE,Norse,MinorBody
S2006_S_18,65143,Saturn,699,2451545,22424901.2,0.1166,168.73,14.18,144.62,22.06,108337135,0,2,0.000002269262,38160,FALSE,Norse,MinorBody
S2006_S_19,65149,Saturn,699,2451545,24446215.4,0.3945,280.52,196.13,146.42,54.48,123310197,0,2,0.000002269262,38160,FALSE,Norse,MinorBody
S2006_S_20,65157,Saturn,699,2451545,13197059.0,0.2193,176.06,152.92,147.97,28.75,48909957,0,2.5,0.000000934402,38160,FALSE,Norse,MinorBody
S2006_S_21,65168,Saturn,699,2451545,14900420.2,0.1961,10.80,40.98,141.89,53.40,58678542,0,1.5,0.000000934402,38160,FALSE,Norse,MinorBody
S2006_S_22,65169,Saturn,699,2451545,15064560.6,0.2702,22.08,254.29,144.67,53.97,59650796,0,1.5,0.000000934402,38160,FALSE,Norse,MinorBody
S2006_S_23,65170,Saturn,699,2451545,18361379.7,0.1471,33.95,309.96,16.64,154.71,80267458,0,1.5,0.000000934402,38160,FALSE,Inuit,MinorBody
S2006_S_24,65171,Saturn,699,2451545,18066158.3,0.3482,14.92,10.37,139.16,52.49,78339403,0,1.5,0.000000934402,38160,FALSE,Norse,MinorBody
S2006_S_25,65172,Saturn,699,2451545,18507347.9,0.3370,65.89,348.46,129.98,89.16,81226516,0,1.5,0.000000934402,38160,FALSE,Norse,MinorBody
S2006_S_26,65173,Saturn,699,2451545,18384867.2,0.2963,20.43,201.07,146.73,35.68,80421522,0,1.5,0.000000934402,38160,FALSE,Norse,MinorBody
S2006_S_27,65174,Saturn,699,2451545,19258780.3,0.1397,250.77,6.24,143.81,32.91,86223314,0,2,0.000002269262,38160,FALSE,Norse,MinorBody
S2006_S_28,65175,Saturn,699,2451545,21542463.1,0.2155,256.48,98.66,148.70,37.52,102005732,0,2,0.000002269262,38160,FALSE,Norse,MinorBody
S2006_S_29,65176,Saturn,699,2451545,25576347.5,0.3212,356.32,101.42,132.78,2.44,131959094,0,1.5,0.000000934402,38160,FALSE,Norse,MinorBody
S2007_S_02,65091,Saturn,699,2451545,15996133.9,0.2127,103.11,9.89,149.61,33.45,65268568,0,2.5,0.000004338295,38160,FALSE,Norse,MinorBody
S2007_S_03,65092,Saturn,699,2451545,19804449.6,0.1600,27.39,304.45,149.71,33.15,89913667,0,2.5,0.000004338295,38160,FALSE,Norse,MinorBody
S2007_S_05,65101,Saturn,699,2451545,15913517.0,0.0990,70.07,22.97,132.58,21.13,64763573,0,2,0.000002269262,38160,FALSE,Norse,MinorBody
S2007_S_06,65107,Saturn,699,2451545,18433667.3,0.1699,249.49,347.96,137.35,66.71,80741936,0,1.5,0.000000934402,38160,FALSE,Norse,MinorBody
S2007_S_07,65130,Saturn,699,2451545,15790233.4,0.1860,306.68,63.72,142.37,31.08,64012438,0,2,0.000002269262,38160,FALSE,Norse,MinorBody
S2007_S_08,65131,Saturn,699,2451545,17072303.4,0.5324,196.65,6.24,5.41,130.57,71964734,0,2,0.000002269262,38160,FALSE,Gallic,MinorBody
S2007_S_09,65153,Saturn,699,2451545,20004540.5,0.4518,63.55,240.32,131.69,83.49,91279743,0,2,0.000002269262,38160,FALSE,Norse,MinorBody
S2007_S_10,65177,Saturn,699,2451545,11365160.0,0.5447,64.61,23.53,13.06,177.61,39088128,0,2,0.000002269262,38160,FALSE,Inuit,MinorBody
S2007_S_11,65178,Saturn,699,2451545,17638270.7,0.4538,18.37,233.72,16.75,265.72,75572806,0,2,0.000002269262,38160,FALSE,Gallic,MinorBody
S2019_S_01,65093,Saturn,699,2451545,11248859.2,0.6349,60.14,36.62,15.67,79.65,38489677,0,2.5,0.000004338295,38160,FALSE,Norse,MinorBody
S2019_S_02,65094,Saturn,699,2451545,16486481.7,0.2925,170.73,184.93,149.32,32.21,68292580,0,1.5,0.000000934402,38160,FALSE,Norse,MinorBody
S2019_S_03,65095,Saturn,699,2451545,16909359.2,0.2844,75.97,150.10,139.23,64.44,70936910,0,2,0.000002269262,38160,FALSE,Norse,MinorBody
S2019_S_04,65103,Saturn,699,2451545,18220175.8,0.3431,136.15,217.58,141.91,63.01,79343323,0,1.5,0.000000934402,38160,FALSE,Norse,MinorBody
S2019_S_05,65110,Saturn,699,2451545,19329061.4,0.2401,261.46,59.29,129.77,87.25,86695726,0,1.5,0.000000934402,38160,FALSE,Norse,MinorBody
S2019_S_06,65116,Saturn,699,2451545,18179323.5,0.0914,307.62,185.21,20.28,7.29,79076624,0,2.5,0.000004338295,38160,FALSE,Inuit,MinorBody
S2019_S_07,65118,Saturn,699,2451545,20257376.0,0.2040,317.03,336.36,147.43,49.36,93015714,0,2,0.000002269262,38160,FALSE,Norse,MinorBody
S2019_S_08,65119,Saturn,699,2451545,20077144.8,0.2657,145.73,31.50,148.38,39.83,91777129,0,2,0.000002269262,38160,FALSE,Norse,MinorBody
S2019_S_09,65120,Saturn,699,2451545,20063280.6,0.5068,352.91,244.72,135.75,17.51,91682081,0,2,0.000002269262,38160,FALSE,Norse,MinorBody
S2019_S_10,65122,Saturn,699,2451545,20351510.6,0.2529,284.02,149.61,133.86,81.14,93664823,0,1.5,0.000000934402,38160,FALSE,Norse,MinorBody
S2019_S_11,65124,Saturn,699,2451545,20379887.9,0.5611,355.80,190.63,110.59,169.53,93860795,0,2,0.000002269262,38160,FALSE,Norse,MinorBody
S2019_S_12,65126,Saturn,699,2451545,21425532.5,0.4299,103.47,220.91,139.81,59.81,101176343,0,2,0.000002269262,38160,FALSE,Norse,MinorBody
S2019_S_13,65128,Saturn,699,2451545,20738947.9,0.2929,88.75,138.32,152.06,41.91,96352197,0,1.5,0.000000934402,38160,FALSE,Norse,MinorBody
S2019_S_14,65133,Saturn,699,2451545,17706148.3,0.0989,328.13,240.33,20.93,359.57,76009467,0,2,0.000002269262,38160,FALSE,Inuit,MinorBody
S2019_S_15,65134,Saturn,699,2451545,21206319.3,0.2279,114.86,302.82,130.83,346.27,99627558,0,1.5,0.000000934402,38160,FALSE,Norse,MinorBody
S2019_S_16,65144,Saturn,699,2451545,23003367.4,0.2615,255.35,351.89,137.24,54.47,112556004,0,1.5,0.000000934402,38160,FALSE,Norse,MinorBody
S2019_S_17,65145,Saturn,699,2451545,22935007.9,0.5786,344.97,40.52,133.42,20.10,112054650,0,2,0.000002269262,38160,FALSE,Norse,MinorBody
S2019_S_18,65146,Saturn,699,2451545,23075495.3,0.5432,267.45,340.58,130.93,69.08,113085804,0,1.5,0.000000934402,38160,FALSE,Norse,MinorBody
S2019_S_19,65147,Saturn,699,2451545,23272087.7,0.5370,261.65,336.02,126.71,81.36,114534034,0,1.5,0.000000934402,38160,FALSE,Norse,MinorBody
S2019_S_20,65148,Saturn,699,2451545,23592858.7,0.3610,194.54,281.05,128.51,43.62,116910197,0,1.5,0.000000934402,38160,FALSE,Norse,MinorBody
S2019_S_21,65156,Saturn,699,2451545,26101177.7,0.1431,206.86,346.55,143.24,43.74,136041589,0,2,0.000002269262,38160,FALSE,Norse,MinorBody
S2019_S_22,65179,Saturn,699,2451545,11264621.8,0.4626,115.74,223.08,17.48,242.90,38570606,0,1.5,0.000000934402,38160,FALSE,Inuit,MinorBody
S2019_S_23,65180,Saturn,699,2451545,11323691.7,0.1516,84.77,1.05,22.57,225.24,38874391,0,1.5,0.000000934402,38160,FALSE,Inuit,MinorBody
S2019_S_24,65181,Saturn,699,2451545,11403089.4,0.4508,37.37,79.34,18.72,106.60,39283967,0,2,0.000002269262,38160,FALSE,Inuit,MinorBody
S2019_S_25,65182,Saturn,699,2451545,11304814.9,0.1956,38.48,358.99,23.51,110.82,38777225,0,2,0.000002269262,38160,FALSE,Inuit,MinorBody
S2019_S_26,65183,Saturn,699,2451545,11414939.4,0.3818,148.31,164.28,22.82,322.38,39345218,0,1.5,0.000000934402,38160,FALSE,Inuit,MinorBody
S2019_S_27,65184,Saturn,699,2451545,16463897.2,0.4018,136.64,151.93,140.15,22.20,68152299,0,1.5,0.000000934402,38160,FALSE,Norse,MinorBody
S2019_S_28,65185,Saturn,699,2451545,17611169.4,0.2312,35.91,308.12,130.54,84.97,75398696,0,2,0.000002269262,38160,FALSE,Norse,MinorBody
S2019_S_29,65186,Saturn,699,2451545,17494811.5,0.3458,310.89,133.84,9.19,192.48,74652687,0,1.5,0.000000934402,38160,FALSE,Gallic,MinorBody
S2019_S_30,65187,Saturn,699,2451545,17591480.0,0.1129,173.05,187.44,141.04,34.36,75272287,0,1.5,0.000000934402,38160,FALSE,Norse,MinorBody
S2019_S_31,65188,Saturn,699,2451545,17503863.9,0.4807,30.64,35.19,17.27,50.45,74710636,0,1.5,0.000000934402,38160,FALSE,Gallic,MinorBody
S2019_S_32,65189,Saturn,699,2451545,18066798.0,0.3685,239.22,19.83,17.12,122.82,78343564,0,2.5,0.000004338295,38160,FALSE,Inuit,MinorBody
S2019_S_33,65190,Saturn,699,2451545,18664171.0,0.3389,33.48,245.70,144.63,44.24,82261116,0,2,0.000002269262,38160,FALSE,Norse,MinorBody
S2019_S_34,65191,Saturn,699,2451545,18280548.1,0.6019,227.27,78.26,13.35,39.43,79738004,0,1.5,0.000000934402,38160,FALSE,Gallic,MinorBody
S2019_S_35,65192,Saturn,699,2451545,18713760.2,0.4695,244.08,259.25,129.94,351.24,82589176,0,1.5,0.000000934402,38160,FALSE,Norse,MinorBody
S2019_S_36,65193,Saturn,699,2451545,19810014.0,0.1421,91.14,145.23,139.35,36.18,89951563,0,1.5,0.000000934402,38160,FALSE,Norse,MinorBody
S2019_S_37,65194,Saturn,699,2451545,19712886.1,0.3254,308.93,135.90,116.53,106.68,89290830,0,1.5,0.000000934402,38160,FALSE,Norse,MinorBody
S2019_S_38,65195,Saturn,699,2451545,21570185.3,0.4112,271.05,138.41,138.09,57.33,102202696,0,1.5,0.000000934402,38160,FALSE,Norse,MinorBody
S2019_S_39,65196,Saturn,699,2451545,24196740.9,0.1297,236.98,92.52,146.06,55.45,121427444,0,1.5,0.000000934402,38160,FALSE,Norse,MinorBody
S2019_S_40,65197,Saturn,699,2451545,23934827.9,0.0798,334.19,347.67,137.06,3.57,119461236,0,1.5,0.000000934402,38160,FALSE,Norse,MinorBody
S2019_S_41,65198,Saturn,699,2451545,24984554.6,0.2951,147.61,320.86,130.20,347.41,127405730,0,1.5,0.000000934402,38160,FALSE,Norse,MinorBody
S2019_S_42,65199,Saturn,699,2451545,24458286.7,0.1253,336.53,351.85,133.37,83.63,123401542,0,2,0.000002269262,38160,FALSE,Norse,MinorBody
S2019_S_43,65200,Saturn,699,2451545,26575861.7,0.2748,148.08,306.14,141.41,23.73,139769552,0,1.5,0.000000934402,38160,FALSE,Norse,MinorBody
S2019_S_44,65201,Saturn,699,2451545,25907991.5,0.4085,287.83,330.78,146.43,50.24,134534032,0,1.5,0.000000934402,38160,FALSE,Norse,MinorBody
S2020_S_01,65096,Saturn,699,2451545,11336225.2,0.4619,84.02,2.08,20.59,22.79,38938950,0,2,0.000002269262,38160,FALSE,Inuit,MinorBody
S2020_S_02,65097,Saturn,699,2451545,17777582.1,0.1556,192.60,19.05,146.26,26.74,76469910,0,1.5,0.000000934402,38160,FALSE,Norse,MinorBody
S2020_S_03,65102,Saturn,699,2451545,17799474.9,0.0477,278.87,136.72,21.48,116.33,76611211,0,1.5,0.000000934402,38160,FALSE,Inuit,MinorBody
S2020_S_04,65105,Saturn,699,2451545,18675341.2,0.4305,190.22,178.90,21.25,278.35,82334975,0,1.5,0.000000934402,38160,FALSE,Gallic,MinorBody
S2020_S_05,65106,Saturn,699,2451545,18411247.0,0.1635,250.10,231.96,23.36,112.31,80594675,0,1.5,0.000000934402,38160,FALSE,Inuit,MinorBody
S2020_S_06,65127,Saturn,699,2451545,20960847.4,0.5379,175.16,271.20,139.18,23.65,97902729,0,1.5,0.000000934402,38160,FALSE,Norse,MinorBody
S2020_S_07,65132,Saturn,699,2451545,17670777.4,0.4497,294.28,216.01,139.13,42.18,75781819,0,1.5,0.000000934402,38160,FALSE,Norse,MinorBody
S2020_S_08,65140,Saturn,699,2451545,21888956.0,0.2432,138.40,181.00,136.53,2.27,104476620,0,1.5,0.000000934402,38160,FALSE,Norse,MinorBody
S2020_S_09,65151,Saturn,699,2451545,24613379.4,0.4023,285.54,46.59,133.03,358.02,124577156,0,2,0.000002269262,38160,FALSE,Norse,MinorBody
S2020_S_10,65155,Saturn,699,2451545,26468301.5,0.1803,161.97,158.29,138.08,65.95,138921880,0,1.5,0.000000934402,38160,FALSE,Norse,MinorBody
S2020_S_11,65202,Saturn,699,2451545,11250575.7,0.4324,148.04,96.02,22.18,299.08,38498487,0,1.5,0.000000934402,38160,FALSE,Inuit,MinorBody
S2020_S_12,65203,Saturn,699,2451545,11314223.7,0.1569,112.97,350.98,25.80,283.17,38825646,0,1.5,0.000000934402,38160,FALSE,Inuit,MinorBody
S2020_S_13,65204,Saturn,699,2451545,11395909.9,0.4855,120.58,230.50,17.95,257.75,39246872,0,1.5,0.000000934402,38160,FALSE,Inuit,MinorBody
S2020_S_14,65205,Saturn,699,2451545,16121650.0,0.3713,219.28,209.33,135.49,30.00,66038283,0,1.5,0.000000934402,38160,FALSE,Norse,MinorBody
S2020_S_15,65206,Saturn,699,2451545,16955480.0,0.5581,269.46,141.81,3.33,213.40,71227331,0,1.5,0.000000934402,38160,FALSE,Gallic,MinorBody
S2020_S_16,65207,Saturn,699,2451545,17093597.4,0.3747,358.82,185.45,139.92,68.17,72099416,0,1.5,0.000000934402,38160,FALSE,Norse,MinorBody
S2020_S_17,65208,Saturn,699,2451545,17097494.6,0.4593,263.88,359.01,125.77,62.86,72124074,0,2,0.000002269262,38160,FALSE,Norse,MinorBody
S2020_S_18,65209,Saturn,699,2451545,17835902.8,0.1428,140.40,218.21,142.12,50.27,76846517,0,1.5,0.000000934402,38160,FALSE,Norse,MinorBody
S2020_S_19,65210,Saturn,699,2451545,17914803.1,0.0619,94.14,80.06,23.59,271.07,77356997,0,1.5,0.000000934402,38160,FALSE,Inuit,MinorBody
S2020_S_20,65211,Saturn,699,2451545,18061741.1,0.1236,293.51,330.50,145.43,24.92,78310674,0,1.5,0.000000934402,38160,FALSE,Norse,MinorBody
S2020_S_21,65212,Saturn,699,2451545,19037078.2,0.3424,45.01,95.53,140.18,56.75,84738736,0,1.5,0.000000934402,38160,FALSE,Norse,MinorBody
S2020_S_22,65213,Saturn,699,2451545,19350702.3,0.0436,332.56,130.58,132.46,82.78,86841365,0,1.5,0.000000934402,38160,FALSE,Norse,MinorBody
S2020_S_23,65214,Saturn,699,2451545,19949252.3,0.1018,73.38,64.58,139.88,34.39,90901589,0,1.5,0.000000934402,38160,FALSE,Norse,MinorBody
S2020_S_24,65215,Saturn,699,2451545,20723339.9,0.2200,202.44,301.75,134.54,356.93,96243447,0,1.5,0.000000934402,38160,FALSE,Norse,MinorBody
S2020_S_25,65216,Saturn,699,2451545,20614086.4,0.2899,270.04,318.40,144.55,55.99,95483357,0,1.5,0.000000934402,38160,FALSE,Norse,MinorBody
S2020_S_26,65217,Saturn,699,2451545,20860494.8,0.3061,88.36,141.02,134.93,73.16,97200489,0,1.5,0.000000934402,38160,FALSE,Norse,MinorBody
S2020_S_27,65218,Saturn,699,2451545,21671477.7,0.2076,274.71,31.62,113.64,158.61,102923449,0,1.5,0.000000934402,38160,FALSE,Norse,MinorBody
S2020_S_28,65219,Saturn,699,2451545,21782434.9,0.4302,302.57,2.18,136.46,3.34,103714906,0,1.5,0.000000934402,38160,FALSE,Norse,MinorBody
S2020_S_29,65220,Saturn,699,2451545,22546164.0,0.0590,233.07,115.81,141.22,63.79,109217073,0,1.5,0.000000934402,38160,FALSE,Norse,MinorBody
S2020_S_30,65221,Saturn,699,2451545,22072157.2,0.6266,12.60,60.38,122.45,17.70,105790998,0,1.5,0.000000934402,38160,FALSE,Norse,MinorBody
S2020_S_31,65222,Saturn,699,2451545,22238191.1,0.2384,210.98,0.16,138.21,31.87,106986931,0,1.5,0.000000934402,38160,FALSE,Norse,MinorBody
S2020_S_32,65223,Saturn,699,2451545,22323300.9,0.5382,14.34,89.07,139.74,38.03,107601707,0,1.5,0.000000934402,38160,FALSE,Norse,MinorBody
S2020_S_33,65224,Saturn,699,2451545,22715915.6,0.5918,9.19,165.31,133.05,36.35,110452846,0,1.5,0.000000934402,38160,FALSE,Norse,MinorBody
S2020_S_34,65225,Saturn,699,2451545,22591007.6,0.0930,291.15,117.15,133.32,5.64,109543079,0,1.5,0.000000934402,38160,FALSE,Norse,MinorBody
S2020_S_35,65226,Saturn,699,2451545,23529259.3,0.2556,205.90,97.91,146.78,41.46,116437782,0,1.5,0.000000934402,38160,FALSE,Norse,MinorBody
S2020_S_36,65227,Saturn,699,2451545,23563061.5,0.2442,264.14,216.46,142.23,20.40,116688784,0,1.5,0.000000934402,38160,FALSE,Norse,MinorBody
S2020_S_37,65228,Saturn,699,2451545,23642918.9,0.3459,351.05,182.47,149.28,34.48,117282491,0,1.5,0.000000934402,38160,FALSE,Norse,MinorBody
S2020_S_38,65229,Saturn,699,2451545,23757942.2,0.4241,171.57,99.04,133.50,83.95,118139403,0,2,0.000002269262,38160,FALSE,Norse,MinorBody
S2020_S_39,65230,Saturn,699,2451545,23707265.2,0.3542,297.23,165.30,129.07,100.58,117761608,0,1.5,0.000000934402,38160,FALSE,Norse,MinorBody
S2020_S_40,65231,Saturn,699,2451545,24458787.6,0.4557,38.09,64.06,141.35,62.65,123405334,0,1.5,0.000000934402,38160,FALSE,Norse,MinorBody
S2020_S_41,65232,Saturn,699,2451545,26560957.4,0.3796,327.84,63.22,134.78,358.89,139651990,0,1.5,0.000000934402,38160,FALSE,Norse,MinorBody
S2020_S_42,65233,Saturn,699,2451545,25506874.4,0.6569,182.03,278.42,135.46,6.81,131421799,0,1.5,0.000000934402,38160,FALSE,Norse,MinorBody
S2020_S_43,65234,Saturn,699,2451545,25922678.0,0.2336,333.32,252.89,140.47,12.67,134648444,0,1.5,0.000000934402,38160,FALSE,Norse,MinorBody
S2020_S_44,65235,Saturn,699,2451545,26590132.0,0.1571,49.06,317.64,142.95,21.74,139882144,0,1.5,0.000000934402,38160,FALSE,Norse,MinorBody
S2023_S_01,65236,Saturn,699,2451545,11172533.1,0.4674,309.63,263.33,22.18,19.32,38098600,0,1.5,0.000000934402,38160,FALSE,Inuit,MinorBody
S2023_S_02,65237,Saturn,699,2451545,11349551.8,0.2589,80.43,257.20,21.22,148.60,39007634,0,1.5,0.000000934402,38160,FALSE,Inuit,MinorBody
S2023_S_03,65238,Saturn,699,2451545,17822036.3,0.2436,302.91,272.39,20.37,297.10,76756918,0,1.5,0.000000934402,38160,FALSE,Inuit,MinorBody
S2023_S_04,65239,Saturn,699,2451545,17593124.1,0.2502,296.88,124.11,140.99,65.50,75282839,0,1.5,0.000000934402,38160,FALSE,Norse,MinorBody
S2023_S_05,65240,Saturn,699,2451545,26333790.8,0.7102,42.31,334.20,144.46,54.94,137864235,0,1.5,0.000000934402,38160,FALSE,Norse,MinorBody
S2023_S_06,65241,Saturn,699,2451545,11883204.6,0.5001,133.10,133.48,16.95,266.16,41790917,0,1.5,0.000000934402,38160,FALSE,Inuit,MinorBody
S2023_S_07,65242,Saturn,699,2451545,12113357.6,0.2064,75.54,102.08,18.30,176.48,43010882,0,2,0.000002269262,38160,FALSE,Inuit,MinorBody
S2023_S_08,65243,Saturn,699,2451545,13966920.7,0.1479,228.15,149.53,139.37,63.21,53251585,0,1.5,0.000000934402,38160,FALSE,Norse,MinorBody
S2023_S_09,65244,Saturn,699,2451545,13205369.8,0.1430,63.73,284.92,144.88,49.92,48956165,0,1.5,0.000000934402,38160,FALSE,Norse,MinorBody
S2023_S_10,65245,Saturn,699,2451545,15516864.8,0.2930,24.63,71.14,134.75,81.69,62357329,0,1.5,0.000000934402,38160,FALSE,Norse,MinorBody
S2023_S_11,65246,Saturn,699,2451545,14006454.1,0.3170,57.50,334.13,144.82,45.67,53477838,0,1.5,0.000000934402,38160,FALSE,Norse,MinorBody
S2023_S_12,65247,Saturn,699,2451545,15841719.0,0.6296,85.45,339.69,136.51,77.45,64325771,0,1.5,0.000000934402,38160,FALSE,Norse,MinorBody
S2023_S_13,65248,Saturn,699,2451545,15311100.1,0.1585,135.05,173.64,143.47,30.46,61121096,0,1.5,0.000000934402,38160,FALSE,Norse,MinorBody
S2023_S_14,65249,Saturn,699,2451545,16884645.9,0.5414,253.49,62.67,140.87,66.86,70781454,0,1.5,0.000000934402,38160,FALSE,Norse,MinorBody
S2023_S_15,65250,Saturn,699,2451545,18128268.8,0.6302,49.43,159.83,135.92,77.47,78743740,0,1.5,0.000000934402,38160,FALSE,Norse,MinorBody
S2023_S_16,65251,Saturn,699,2451545,17182779.2,0.3017,49.80,80.07,134.74,78.49,72664394,0,1.5,0.000000934402,38160,FALSE,Norse,MinorBody
S2023_S_17,65252,Saturn,699,2451545,17339497.0,0.4975,193.48,128.04,4.86,156.88,73660775,0,1.5,0.000000934402,38160,FALSE,Gallic,MinorBody
S2023_S_18,65253,Saturn,699,2451545,17303296.5,0.5249,322.20,169.57,8.52,275.44,73430218,0,1.5,0.000000934402,38160,FALSE,Gallic,MinorBody
S2023_S_19,65254,Saturn,699,2451545,17782427.2,0.0432,230.97,326.33,23.00,266.26,76501174,0,1.5,0.000000934402,38160,FALSE,Inuit,MinorBody
S2023_S_20,65255,Saturn,699,2451545,17122557.7,0.4615,348.10,200.59,108.19,358.57,72282722,0,1.5,0.000000934402,38160,FALSE,Norse,MinorBody
S2023_S_21,65256,Saturn,699,2451545,17708424.4,0.0633,9.64,38.93,131.67,18.46,76024124,0,1.5,0.000000934402,38160,FALSE,Norse,MinorBody
S2023_S_22,65257,Saturn,699,2451545,18618825.4,0.3160,305.50,4.08,20.44,322.04,81961512,0,2,0.000002269262,38160,FALSE,Inuit,MinorBody
S2023_S_23,65258,Saturn,699,2451545,18620341.7,0.3739,78.80,81.61,140.61,45.83,81971524,0,1.5,0.000000934402,38160,FALSE,Norse,MinorBody
S2023_S_24,65259,Saturn,699,2451545,18151727.3,0.3158,120.83,54.08,141.96,32.11,78896635,0,1.5,0.000000934402,38160,FALSE,Norse,MinorBody
S2023_S_25,65260,Saturn,699,2451545,19069464.5,0.3043,259.44,186.34,140.60,55.15,84955067,0,1.5,0.000000934402,38160,FALSE,Norse,MinorBody
S2023_S_26,65261,Saturn,699,2451545,20149348.0,0.2539,124.35,131.84,140.41,32.58,92272660,0,1.5,0.000000934402,38160,FALSE,Norse,MinorBody
S2023_S_27,65262,Saturn,699,2451545,20127994.9,0.6583,33.84,91.38,129.60,97.92,92126020,0,1.5,0.000000934402,38160,FALSE,Norse,MinorBody
S2023_S_28,65263,Saturn,699,2451545,20432201.4,0.4674,92.28,189.40,142.90,17.45,94222426,0,1.5,0.000000934402,38160,FALSE,Norse,MinorBody
S2023_S_29,65264,Saturn,699,2451545,20250051.7,0.1229,359.83,163.14,145.19,52.60,92965272,0,1.5,0.000000934402,38160,FALSE,Norse,MinorBody
S2023_S_30,65265,Saturn,699,2451545,18233974.1,0.3338,156.41,2.71,109.95,96.76,79433472,0,1.5,0.000000934402,38160,FALSE,Norse,MinorBody
S2023_S_31,65266,Saturn,699,2451545,20711912.0,0.1708,180.92,308.31,134.81,75.79,96163847,0,1.5,0.000000934402,38160,FALSE,Norse,MinorBody
S2023_S_32,65267,Saturn,699,2451545,20612206.6,0.0317,70.78,29.53,144.02,46.64,95470297,0,1,0.000000266972,38160,FALSE,Norse,MinorBody
S2023_S_33,65268,Saturn,699,2451545,21874427.6,0.7976,231.58,49.12,137.20,55.38,104372621,0,1.5,0.000000934402,38160,FALSE,Norse,MinorBody
S2023_S_34,65269,Saturn,699,2451545,20273630.8,0.5079,163.83,293.47,141.52,63.66,93127693,0,1.5,0.000000934402,38160,FALSE,Norse,MinorBody
S2023_S_35,65270,Saturn,699,2451545,22560455.7,0.1161,1.11,93.39,139.74,47.82,109320937,0,1.5,0.000000934402,38160,FALSE,Norse,MinorBody
S2023_S_36,65271,Saturn,699,2451545,22403461.8,0.3743,30.69,312.23,135.70,71.22,108181809,0,1.5,0.000000934402,38160,FALSE,Norse,MinorBody
S2023_S_37,65272,Saturn,699,2451545,19597493.8,0.2177,336.99,245.06,148.00,28.78,88507963,0,1.5,0.000000934402,38160,FALSE,Norse,MinorBody
S2023_S_38,65273,Saturn,699,2451545,12138483.6,0.9156,41.14,172.28,138.30,7.37,43144774,0,1.5,0.000000934402,38160,FALSE,Norse,MinorBody
S2023_S_39,65274,Saturn,699,2451545,20534935.0,0.1049,28.94,344.99,140.02,22.96,94933948,0,1.5,0.000000934402,38160,FALSE,Norse,MinorBody
S2023_S_40,65275,Saturn,699,2451545,21009415.1,0.3627,257.03,3.64,140.48,67.34,98243196,0,1.5,0.000000934402,38160,FALSE,Norse,MinorBody
S2023_S_41,65276,Saturn,699,2451545,21210325.5,0.2326,118.92,28.77,144.87,32.59,99655791,0,1.5,0.000000934402,38160,FALSE,Norse,MinorBody
S2023_S_42,65277,Saturn,699,2451545,21993448.9,0.0537,201.47,316.53,138.82,34.05,105225634,0,1.5,0.000000934402,38160,FALSE,Norse,MinorBody
S2023_S_43,65278,Saturn,699,2451545,22482526.1,0.1973,158.20,92.13,142.58,60.02,108754992,0,1.5,0.000000934402,38160,FALSE,Norse,MinorBody
S2023_S_44,65279,Saturn,699,2451545,19091158.4,0.3990,158.83,232.74,141.69,43.20,85100079,0,1.5,0.000000934402,38160,FALSE,Norse,MinorBody
S2023_S_45,65280,Saturn,699,2451545,23898528.1,0.6969,14.06,336.80,129.82,7.06,119189575,0,1.5,0.000000934402,38160,FALSE,Norse,MinorBody
S2023_S_46,65281,Saturn,699,2451545,24595872.0,0.4197,43.87,230.28,118.92,126.58,124444262,0,1.5,0.000000934402,38160,FALSE,Norse,MinorBody
S2023_S_47,65282,Saturn,699,2451545,25679401.4,0.1271,231.06,97.44,136.82,55.36,132757445,0,1.5,0.000000934402,38160,FALSE,Norse,MinorBody
S2023_S_48,65283,Saturn,699,2451545,20011029.2,0.0081,295.30,326.48,141.37,47.81,91324159,0,1.5,0.000000934402,38160,FALSE,Norse,MinorBody
S2023_S_49,65284,Saturn,699,2451545,21792080.0,0.0053,107.16,66.31,146.14,45.11,103783800,0,1.5,0.000000934402,38160,FALSE,Norse,MinorBody
S2023_S_50,65285,Saturn,699,2451545,11631609.6,0.2394,83.47,79.46,139.99,14.13,40470751,0,1.5,0.000000934402,38160,FALSE,Norse,MinorBody
Ariel,701,Uranus,799,2451545,190941.3,0.0015,21.04,152.79,179.95,150.62,217791,0,578.9,83.5,0,FALSE,Major,PlanetaryBody
Umbriel,702,Uranus,799,2451545,266012.2,0.0042,326.36,271.22,179.90,166.35,358131,0,584.7,85.1,0,FALSE,Major,PlanetaryBody
Titania,703,Uranus,799,2451545,436292.7,0.0025,38.62,74.42,0.05,11.44,752231,0,788.9,226.9,0,FALSE,Major,PlanetaryBody
Oberon,704,Uranus,799,2451545,583549.9,0.0006,39.01,93.50,0.11,319.96,1163594,0,761.4,205.3,0,FALSE,Major,PlanetaryBody
Miranda,705,Uranus,799,2451545,129871.8,0.0015,344.67,62.06,179.48,259.17,122170,0,235.8,4.3,0,FALSE,Major,PlanetaryBody
Cordelia,706,Uranus,799,2451545,49835.2,0.0013,119.89,347.90,179.90,105.29,29040,180,13,0.0040579744,0,FALSE,Inner Uranus,MinorBody
Ophelia,707,Uranus,799,2451545,53837.1,0.0093,315.96,201.23,179.91,95.72,32607,180,16,0.0023827251,0,FALSE,Inner Uranus,MinorBody
Bianca,708,Uranus,799,2451545,59235.4,0.0064,299.94,288.62,177.66,162.64,37633,180,22,0.004605267,0,FALSE,Inner Uranus,MinorBody
Cressida,709,Uranus,799,2451545,61833.7,0.0047,304.83,66.29,179.27,242.53,40136,180,33,0.0122740377,0,FALSE,Inner Uranus,MinorBody
Desdemona,710,Uranus,799,2451545,62724.9,0.0078,14.55,340.87,0.43,274.01,41006,180,29,0.00934402,0,FALSE,Inner Uranus,MinorBody
Juliet,711,Uranus,799,2451545,64422.1,0.0063,314.20,270.00,2.51,322.60,42682,180,42,0.02869949,0,FALSE,Inner Uranus,MinorBody
Portia,712,Uranus,799,2451545,66158.6,0.0030,136.90,125.65,177.34,163.16,44419,180,55,0.0867659,0,FALSE,Inner Uranus,MinorBody
Rosalind,713,Uranus,799,2451545,69986.5,0.0041,219.66,337.76,0.80,295.46,48330,180,29,0.0133486,0,FALSE,Inner Uranus,MinorBody
Belinda,714,Uranus,799,2451545,75310.7,0.0023,51.86,5.34,178.54,168.48,53948,180,34,0.02536234,0,FALSE,Inner Uranus,MinorBody
Puck,715,Uranus,799,2451545,86053.1,0.0095,192.87,344.35,179.91,87.11,65893,180,77,0.12747913,0,FALSE,Inner Uranus,MinorBody
Caliban,716,Uranus,799,2451545,7169876.3,0.0812,148.34,26.26,42.01,347.84,50114104,0,30,0.002602977,35812,FALSE,Caliban,MinorBody
Sycorax,717,Uranus,799,2451545,12178044.0,0.5135,105.48,261.60,54.84,327.29,110932496,0,60,0.133486,24898,FALSE,Irregular Uranus,MinorBody
Prospero,718,Uranus,799,2451545,16286787.3,0.3230,201.01,247.52,48.53,338.88,171571682,0,50,0.004338295,25722,FALSE,Irregular Uranus,MinorBody
Setebos,719,Uranus,799,2451545,17444178.3,0.5585,95.95,173.09,48.70,321.09,190181492,0,23.5,0.003604122,15318,FALSE,Irregular Uranus,MinorBody
Stephano,720,Uranus,799,2451545,7956684.4,0.1442,178.73,255.50,43.88,336.71,58585571,0,16,0.001134631,35812,FALSE,Caliban,MinorBody
Trinculo,721,Uranus,799,2451545,8498978.3,0.2229,308.49,182.79,68.38,347.37,64675911,0,9,0.0002069033,15318,FALSE,Irregular Uranus,MinorBody
Francisco,722,Uranus,799,2451545,4277264.2,0.1377,15.56,22.18,49.78,25.99,23090938,0,11,0.0003737608,15318,FALSE,Irregular Uranus,MinorBody
Margaret,723,Uranus,799,2451545,14468609.0,0.8276,312.07,323.85,133.63,132.62,143658936,0,10,0.0002803206,15318,FALSE,Margaret,MinorBody
Ferdinand,724,Uranus,799,2451545,20408683.2,0.4212,288.89,21.20,69.42,344.00,240666116,0,10.5,0.0003203664,42624,FALSE,Irregular Uranus,MinorBody
Perdita,725,Uranus,799,2451545,76469.3,0.0044,306.32,227.56,178.38,186.32,55198,180,15,0.000934402,0,FALSE,Inner Uranus,MinorBody
Mab,726,Uranus,799,2451545,97778.3,0.0062,33.92,6.76,1.77,358.72,79810,180,9,0.0002069033,0,FALSE,Inner Uranus,MinorBody
Cupid,727,Uranus,799,2451545,74448.6,0.0077,225.09,57.14,0.02,82.79,53025,180,9,0.0002069033,0,FALSE,Inner Uranus,MinorBody
S2023_U_01,75051,Uranus,799,2451545,7973661.2,0.1817,222.09,18.82,44.01,316.95,58773174,0,4,0.00001802061,15318,FALSE,Caliban,MinorBody
S2025_U_01,75052,Uranus,799,2451545,-12060.6,169907.2203,274.38,10767646.61,88.79,170.77,0,180,4.5,0.0000266972,0,FALSE,Inner Uranus,MinorBody
Triton,801,Neptune,899,2451545,354765.9,0.0000,58.67,359.91,101.94,177.86,507779,0.4,1352.6,1428.49546,0,TRUE,Triton,PlanetaryBody
Nereid,802,Neptune,899,2451545,5511154.8,0.7506,17.94,215.63,156.74,215.21,31093618,0,170,1.601832,48960,FALSE,Nereid,PlanetaryBody
Naiad,803,Neptune,899,2451545,48293.5,0.0015,92.85,360.00,4.77,35.35,25506,0.4,29,0.00853,0,FALSE,Inner Neptune,MinorBody
Thalassa,804,Neptune,899,2451545,50139.7,0.0015,276.67,356.70,0.13,20.25,26982,0.4,40,0.2359,0,FALSE,Inner Neptune,MinorBody
Despina,805,Neptune,899,2451545,52588.1,0.0010,98.68,16.19,0.20,7.53,28983,0.4,74,0.11673,0,FALSE,Inner Neptune,MinorBody
Galatea,806,Neptune,899,2451545,62005.2,0.0010,75.72,6.27,0.18,2.00,37106,0.4,79,0.1899,0,FALSE,Inner Neptune,MinorBody
Larissa,807,Neptune,899,2451545,73592.3,0.0007,221.57,152.95,0.27,347.51,47980,0.4,96,0.25484,0,FALSE,Inner Neptune,MinorBody
Proteus,808,Neptune,899,2451545,117674.7,0.0005,351.64,283.67,0.67,358.80,97013,0.9,208,2.58342,0,FALSE,Inner Neptune,MinorBody
Halimede,809,Neptune,899,2451545,16605281.3,0.2599,148.48,229.98,83.48,187.71,162621022,0,61,0.00800916,0,FALSE,Halimede,MinorBody
Psamathe,810,Neptune,899,2451545,46984378.0,0.3412,161.01,183.35,95.12,312.65,773993930,0,38,0.001935547,0,FALSE,Neso,MinorBody
Sao,811,Neptune,899,2451545,22181932.6,0.1403,48.29,14.05,24.67,48.38,251076696,0,40,0.002269262,0,FALSE,Sao,MinorBody
Laomedeia,812,Neptune,899,2451545,23528889.4,0.3734,122.60,154.61,9.34,37.91,274289684,0,40,0.002269262,0,FALSE,Sao,MinorBody
Neso,813,Neptune,899,2451545,51344182.9,0.6204,74.98,224.75,113.43,14.32,884187156,0,60,0.00734173,0,FALSE,Neso,MinorBody
Hippocamp,814,Neptune,899,2451545,105317.1,0.0007,320.43,307.34,0.50,2.92,82140,0.4,34.8,0.001468346,0,FALSE,Inner,MinorBody
S2002_N_05,85051,Neptune,899,2451545,23448133.8,0.5218,77.70,179.81,16.15,240.74,272878775,0,19,0.001935547,0,FALSE,Sao,MinorBody
S2021_N_01,85052,Neptune,899,2451545,49061387.9,0.5653,107.32,139.19,108.74,246.68,825880242,0,25,0.000533944,0,FALSE,Neso,MinorBody
Charon,901,Pluto,999,2451545,19595.8,0.0002,146.01,148.67,170.89,9.44,551856,0,606,106.1,0,FALSE,Charon,PlanetaryBody
Nix,902,Pluto,999,2451545,39325.7,0.2042,263.92,154.76,170.89,23.73,1661895,0,18,0.001496,158025,FALSE,Minor Pluto,MinorBody
Hydra,903,Pluto,999,2451545,98706.4,0.3669,160.43,345.98,170.69,105.69,6608546,0,18.5,0.00201,37116,FALSE,Minor Pluto,MinorBody
Kerberos,904,Pluto,999,2451545,133083.7,0.5555,312.24,356.99,171.24,329.41,10346084,0,6,0.00006038,458784,FALSE,Minor Pluto,MinorBody
Styx,905,Pluto,999,2451545,42207.2,0.1008,305.47,285.85,170.86,333.70,1847854,0,5.2,0.0000405,279936,FALSE,Minor Pluto,MinorBody
Ceres,1,Sol,10,2451545,413861913,0.078,73.9,6.2,10.58,80.5,145213583,0,469.7,62.628,32757,FALSE,Asteroid,Asteroid
Pallas,2,Sol,10,2451545,414733539,0.229,310.3,352.9,34.84,173.2,145672571,0,256.5,13.63,28126,FALSE,Asteroid,Asteroid
Juno,3,Sol,10,2451545,399132340,0.258,248,240.3,12.96,170.2,137530628,0,123.3,1.02,25956,FALSE,Asteroid,Asteroid
Vesta,4,Sol,10,2451545,227939132.9,0.0933,286.54,19.36,1.850,49.56,59354318,0,261.4,17.288,19224,FALSE,Asteroid,Asteroid
Psyche,16,Sol,10,2451545,436910364.5,0.1382,229.12,335.59,3.093,150.47,157511611,0,111,1.601,15105,FALSE,Asteroid,Asteroid
Lutetia,21,Sol,10,2451545,364380543.7,0.1617,250.12,314.42,3.066,80.95,119965625,0,49,0.1134,29395,FALSE,Asteroid,Asteroid
Ida,243,Sol,10,2451545,427803555.0,0.0458,112.29,244.33,1.137,324.38,152612686,0,16,0.00275,16682,TRUE,Asteroid,Asteroid
Mathilde,253,Sol,10,2451545,396013358.0,0.2655,156.31,225.72,6.709,179.86,135921702,0,26.4,0.00689,1503720,FALSE,Asteroid,Asteroid
Eros,433,Sol,10,2451545,218164470.2,0.2228,178.65,57.69,10.828,304.42,55577638,0,8.42,0.0004463,18972,FALSE,Asteroid,Asteroid
Gaspra,951,Sol,10,2451545,330524608.9,0.1736,129.31,96.50,4.103,253.32,103640560,0,6.1,0.00017,255351,FALSE,Asteroid,Asteroid
Steins,2867,Sol,10,2451545,353425647.5,0.1470,250.15,177.82,9.945,55.64,114596445,0,2.58,0.000105,21776,FALSE,Asteroid,Asteroid
Toutatis,4179,Sol,10,2451545,375572911.4,0.6343,274.68,283.83,0.470,128.37,125535178,0,1.25,0.000001268,633600,FALSE,Asteroid,Asteroid
Annefrank,5535,Sol,10,2451545,331063940.8,0.0639,8.31,250.75,4.246,120.75,103894336,0,2.4,0.00032,54432,FALSE,Asteroid,Asteroid
Braille,9969,Sol,10,2451545,350269427.1,0.4335,355.35,44.73,28.949,242.16,113064795,0,1.37,0.00000052,815040,FALSE,Asteroid,Asteroid
Itokawa,25143,Sol,10,2451545,198209060.2,0.2805,160.14,44.09,1.717,71.61,48129273,0,0.165,0.0000000021,43675,FALSE,Asteroid,Asteroid
Quaoar,50000,Sol,10,2451545,6452606018.7,0.0395,163.79,258.96,8.005,189.08,8939778833,0,543,95.6,63644,FALSE,Asteroid,Asteroid
Didymos,65803,Sol,10,2451545,245651314.9,0.3832,318.89,65.75,3.397,73.45,66405292,0,0.358,0.000000003489,8136,FALSE,Asteroid,Asteroid
Sedna,90377,Sol,10,2451545,82257554868.9,0.8610,310.73,357.90,11.925,144.32,406900051690,0,453,266.9,36982,FALSE,Asteroid,Asteroid
Orcus,90482,Sol,10,2457388.5,5904635091.6,0.2180,73.00,174.60,20.564,268.57,7825527936,0,455,38.56,47484,FALSE,Asteroid,Asteroid
Bennu,101955,Sol,10,2451545,168884531.2,0.2047,65.67,35.42,6.026,2.18,37853746,0,0.241,4.89159447E-09,15466,FALSE,Asteroid,Asteroid
Salacia,120347,Sol,10,2451545,6318299044.3,0.1028,312.05,96.76,23.946,280.18,8662122416,0,452.5,32.444,21924,FALSE,Asteroid,Asteroid
Haumea,136108,Sol,10,2457388.5,6478322875.6,0.1895,239.66,211.02,28.195,121.84,8993276272,0,809,264.41,14094,FALSE,Asteroid,Asteroid
Eris,136199,Sol,10,2451545,10193574955.5,0.4325,150.85,194.29,43.741,36.13,17750632487,0,1163,1079,1365120,FALSE,Asteroid,Asteroid
Ryugu,162173,Sol,10,2451545,177879939.3,0.1900,211.27,288.65,5.884,251.73,40918011,0,0.448,0.00000003,27477,FALSE,Asteroid,Asteroid
Kagara,469705,Sol,10,2451545,6575008855.8,0.0868,75.55,316.31,2.867,118.02,9195356355,0,69,0.0837,34740,FALSE,Asteroid,Asteroid
Arrokoth,486958,Sol,10,2451545,6593333612.4,0.0397,189.44,278.09,2.448,159.20,9233824748,0,10.78,0.0000499571355,57376,FALSE,Asteroid,Asteroid
Dimorphos,120065803,Didymos,20065803,2457388.5,1.2,1.817,54.5,359.9,1.7,40,44514,0,0.074,2.98047E-10,42912,FALSE,Asteroid,Asteroid
Dysnomia,120136199,Eris,20136199,2451545,37274,0.006,155.5,176.8,6.2,139,1364010,0,350,9.56,0,FALSE,Asteroid,Asteroid
Haunu,120469705,Kagara,20469705,2451545,7681,0.693,169.9,77.1,10.2,13,11032664,0,60,0.2803,0,FALSE,Asteroid,Asteroid
Hiaka,120136108,Haumea,20136108,2451545,49214,0.055,146.1,303.3,126.3,207.1,4236763,0,160,1.194,35280,FALSE,Asteroid,Asteroid
Namaka,220136108,Haumea,20136108,2451545,24719,0.249,126.9,356.5,121.1,193.6,1498645,0,85,0.036,0,FALSE,Asteroid,Asteroid
Vanth,120090482,Orcus,20090482,2451545,8975,0.001,243.9,102.7,89.8,51,824075,0,221.5,3.47,0,FALSE,Asteroid,Asteroid
Weywot,120050000,Quaoar,20050000,2451545,13530,0.015,36.2,188,154.3,330.9,1011828,0,82.5,0.04783,0,FALSE,Asteroid,Asteroid
Dactyl,243,Ida,243,2451545,90,0.2,155.5,176.8,8,13,0,0,0.7,0.00000003470636,0,FALSE,Asteroid,Asteroid
Oumuamua,DES=3788040,Sol,10,2451545,-190416022.7,1.2029,239.32,-4433.25,123.073,20.16,0,0,0.2,1.6E-11,28573,FALSE,Interstellar,Asteroid
Halley,90000030,Sol,10,2451545,2681019348.5,0.9673,112.45,65.85,162.196,59.51,2394274685,0,5.5,0.00001468,190080,FALSE,Comet,Comet
Borrelly,90000305,Sol,10,2451545,540428215.1,0.6236,353.33,270.69,30.321,75.42,216686110,0,2.4,0.000001335,45000,FALSE,Comet,Comet
Tempel 1,90000192,Sol,10,2451545,466496515.9,0.5190,178.91,359.80,10.541,68.97,173778746,0,3,0.00000504,146520,FALSE,Comet,Comet
Wild 2,90000860,Sol,10,2451545,515417669.6,0.5386,41.89,149.68,3.240,136.14,201819444,0,2.1,0.000001535,146880,FALSE,Comet,Comet
Hartley 2,90000955,Sol,10,2451545,515555499.7,0.7005,180.78,114.05,13.624,219.93,201900404,0,0.8,0.00000002,65160,FALSE,Comet,Comet
Churyumov-Gerasimnko,90000701,Sol,10,2451545,525238086.1,0.6314,11.35,216.23,7.122,50.99,207614827,0,1.7,0.000000662,44640,FALSE,Comet,Comet
